,repository,all,merged,closed,ratio,stars,forks,watchers
0,idena-network/idena-desktop,6,3,3,0.5,92,64,7
0,rand256/valetudo,1,0,1,0.0,610,70,29
0,vpython/glowscript,1,0,1,0.0,65,19,9
0,hive-engine/nitrous,11,9,1,0.9,27,56,18
0,grommet/grommet-designer,1,0,1,0.0,37,16,9
0,airswap/AirSwap.js,6,6,0,1.0,22,31,6
0,wordproof/wordproof-timestamp,2,0,2,0.0,14,7,5
0,JuanIrache/gopro-telemetry,1,1,0,1.0,223,42,10
0,linode/developers,1,0,1,0.0,9,42,21
0,mobxjs/mst-gql,31,16,15,0.5161290322580645,656,79,11
0,poanetwork/tokenbridge,2,2,0,1.0,250,198,11
0,binary-com/deriv-app,7,4,3,0.5714285714285714,37,200,13
0,RedHatInsights/frontend-components,4,4,0,1.0,29,84,12
0,rage/concepts,5,0,5,0.0,3,3,3
0,replicatedhq/kotsadm,12,12,0,1.0,256,9,20
0,gab-ai-inc/defiant-browser,1,0,1,0.0,106,23,15
0,voluntarily/vly2,5,4,1,0.8,100,47,33
0,HumanRightsMeasurementInitiative/hrmi-dataportal,1,0,1,0.0,4,8,7
0,Terralego/terra-front,1,1,0,1.0,7,1,3
0,yafp/ttth,1,0,1,0.0,121,25,8
0,DeyLak/redux-restify,10,0,6,0.0,9,4,2
0,biuuu/ShinyColors,4,4,0,1.0,340,67,7
0,aws-amplify/community,6,0,6,0.0,241,110,63
0,casual-simulation/casualos,6,4,2,0.6666666666666666,28,5,9
0,carbon-design-system/gatsby-theme-carbon,2,1,1,0.5,339,243,16
0,ministryofjustice/hmpps-book-secure-move-frontend,2,2,0,1.0,7,3,7
0,offen/offen,3,0,3,0.0,647,35,6
0,w3f/polkadot-deployer,5,5,0,1.0,100,45,14
0,LIu-FengMing/codegame-,1,0,0,0,2,0,0
0,zebrunner/reporting-ui,1,0,1,0.0,21,4,9
0,react-native-mapbox-gl/maps,1,1,0,1.0,1583,711,35
0,dekdevy/hordes-loc,3,3,0,1.0,62,148,8
0,accordproject/cicero-ui,2,2,0,1.0,27,47,9
0,SofthouseVxo/Education,3,3,0,1.0,16,20,13
0,spring-io/dataflow.spring.io,1,1,0,1.0,35,82,16
0,glin/reactable,6,6,0,1.0,528,77,18
0,hktrpg/TG.line.Discord.Roll.Bot,3,2,1,0.6666666666666666,74,140,5
0,wanbo-chain/h2-elements,1,0,0,0,4,0,2
0,react-native-tvos/react-native-tvos,7,7,0,1.0,538,98,24
0,rainbow-me/rainbow,3,2,1,0.6666666666666666,3217,451,52
0,the-labo/the,15,4,11,0.26666666666666666,5,3,2
0,LeedsJS/website,1,0,1,0.0,7,4,3
0,brainstormforce/ultimate-addons-for-gutenberg,5,5,0,1.0,211,51,13
0,Samsung/TAU,4,3,1,0.75,44,42,4
0,typpo/quickchart,7,7,0,1.0,1334,164,28
0,steedos/steedos-platform,6,0,4,0.0,949,291,40
0,Yoast/javascript,3,0,2,0.0,127,47,15
0,jsxcad/JSxCAD,6,6,0,1.0,26,4,6
0,bcye/Hello-Goodbye,1,1,0,1.0,237,17,8
0,codypearce/material-bread,4,4,0,1.0,314,112,8
0,zilpay/zil-pay,1,0,1,0.0,2,0,1
0,uc-cdis/guppy,1,1,0,1.0,7,9,22
0,reactjs/gu.reactjs.org,6,1,5,0.16666666666666666,23,36,9
0,viz-centric/flair-bi,2,0,2,0.0,25,23,18
0,viz-centric/flair-notifications,2,0,1,0.0,16,18,18
0,theDavidBarton/puppeteer-daily-menu-scraper,5,5,0,1.0,13,4,2
0,drzzle-app/picazzo,7,0,0,0,7,2,2
0,react-native-community/rn-diff-purge,4,2,2,0.5,1134,72,19
0,AdguardTeam/Scriptlets,5,0,5,0.0,96,22,20
0,RedHatInsights/tower-analytics-frontend,9,9,0,1.0,9,22,15
0,City-of-Helsinki/servicemap-ui,2,2,0,1.0,4,9,4
0,team-friendo/signalboost,6,0,6,0.0,36,1,2
0,den19980107/nkust-online-study,4,0,1,0.0,4,1,0
0,goabstract/Awesome-Design-Tools,2,1,1,0.5,27334,1955,544
0,GetStream/stream-chat-react,39,28,11,0.717948717948718,483,214,32
0,valueflows/vf-graphql,2,0,2,0.0,21,3,8
0,kiwiirc/kiwibnc,1,1,0,1.0,34,19,13
0,OvidijusParsiunas/myvision,3,3,0,1.0,514,54,31
0,blobfysh/Lootcord,1,1,0,1.0,7,4,2
0,reactjs/reactjs.org-translation,1,1,0,1.0,194,166,50
0,Coding-Coach/find-a-mentor,9,9,0,1.0,704,436,28
0,internetarchive/iaux,26,20,6,0.7692307692307693,58,88,24
0,halfnelson/svelte-native,6,0,5,0.0,1374,69,26
0,politics-rewired/Spoke,4,0,4,0.0,34,14,14
0,googleads/publisher-ads-lighthouse-plugin,5,4,1,0.8,82,51,21
0,SAP/ui5-webcomponents,4,4,0,1.0,1247,210,48
0,algenty/grafana-flowcharting,5,1,4,0.2,786,118,36
0,ventureum/Chainsfr,6,6,0,1.0,6,11,6
0,ocius/website,1,1,0,1.0,7,5,7
0,athomasoriginal/blog,1,0,1,0.0,4,2,2
0,didi/chameleon,7,0,6,0.0,8960,696,239
0,RecallGraph/RecallGraph,4,2,2,0.5,310,25,12
0,beaverbuilder/assistant,1,0,1,0.0,31,5,10
0,GoodDollar/GoodServer,4,4,0,1.0,12,9,9
0,protectwise/troika,5,4,1,0.8,1081,82,32
0,istreamlabs/pebble,3,3,0,1.0,15,5,14
0,wirecard/merchant-documentation-gateway,2,0,2,0.0,4,4,4
0,BryanAdamss/vue-awesome-template,4,1,3,0.25,88,18,4
0,TaleLin/lin-ui,4,0,4,0.0,3716,474,68
0,catho/quantum,3,3,0,1.0,57,22,11
0,sillvva/rpg-schedule,2,2,0,1.0,37,32,4
0,ArcBlock/forge-js,12,7,5,0.5833333333333334,24,3,20
0,StraboSpot/StraboSpot-Mobile,1,0,1,0.0,13,1,4
0,liferay/liferay-npm-tools,3,0,3,0.0,18,17,13
0,vulturno/vulturno,1,1,0,1.0,15,1,2
0,wubaiqing/zaobao,2,2,0,1.0,2192,167,97
0,sanusart/react-dropdown-select,2,2,0,1.0,310,82,8
0,F5Networks/f5-declarative-onboarding,1,0,1,0.0,51,22,22
0,ronggang/PT-Plugin-Plus,2,2,0,1.0,4369,635,45
0,carbon-design-system/carbon-addons-iot-react,6,6,0,1.0,89,65,21
0,nib-edit/Nib,5,4,1,0.8,220,30,7
0,rob-balfre/svelte-select,2,2,0,1.0,884,133,14
0,cruise-automation/webviz,23,1,13,0.07142857142857142,1693,380,58
0,unchainedshop/unchained,1,0,1,0.0,148,20,4
0,santiment/app,2,2,0,1.0,14,11,5
0,SPLA/VARIAMOS-WEB,2,1,0,1.0,2,32,3
0,OpenZeppelin/openzeppelin-test-helpers,3,3,0,1.0,388,125,21
0,DDDEastMidlandsLimited/dddem-web,4,4,0,1.0,9,34,5
0,moneybutton/bsv,5,5,0,1.0,195,104,19
0,makerdao/mcd-cdp-portal,5,4,1,0.8,58,50,29
0,kartverket/Geonorge.Kartkatalog.React,4,3,1,0.75,6,1,11
0,cylc/cylc-ui,2,2,0,1.0,30,22,8
0,bufferapp/ui,2,0,2,0.0,50,16,4
0,bigbluebutton/bbb-webrtc-sfu,1,1,0,1.0,44,41,18
0,MaayanLab/signature-commons-ui,4,4,0,1.0,6,3,8
0,Tradeshift/elements,1,0,1,0.0,13,15,6
0,daostack/migration,1,1,0,1.0,17,17,7
0,welldone-software/why-did-you-render,1,0,1,0.0,9608,169,38
0,brillout/wildcard-api,9,8,1,0.8888888888888888,367,14,6
0,storybookjs/frontpage,6,6,0,1.0,167,96,9
0,poanetwork/posdao-contracts,6,0,6,0.0,99,50,12
0,CyberCRI/learn-ext,5,0,5,0.0,12,1,11
0,lino-framework/react,2,1,1,0.5,2,2,5
0,katai5plate/RPGMV-CoreScript-Reference,2,0,0,0,16,5,2
0,MikaelMayer/Editor,1,0,0,0,17,4,3
0,smeup/ketchup,5,5,0,1.0,9,8,6
0,CalvinVon/dalao-proxy,2,2,0,1.0,6,2,4
0,tecsinapse/ui-kit,6,6,0,1.0,8,4,9
0,ovh/manager,20,3,17,0.15,166,77,26
0,Waiviogit/waivio,3,1,2,0.3333333333333333,7,7,3
0,dwp/govuk-casa,1,0,1,0.0,31,22,8
0,wu-yu-xuan/blog.mscorlib.top,6,0,2,0.0,9,3,1
0,monero-ecosystem/monero-javascript,2,2,0,1.0,144,53,15
0,carbon-design-system/carbon-components-vue,19,18,1,0.9473684210526315,514,145,11
0,Laboralphy/o876-raycaster-engine,3,3,0,1.0,18,1,3
0,MoTrPAC/motrpac-frontend,2,0,2,0.0,2,0,7
0,opentargets/platform-app,1,0,1,0.0,119,25,8
0,CatalysmsServerManager/7-days-to-die-server-manager,5,4,1,0.8,53,57,5
0,seatsio/seatsio-js,1,1,0,1.0,11,3,4
0,IBM/openapi-validator,2,1,1,0.5,361,74,19
0,TankerHQ/sdk-js,1,0,1,0.0,796,27,12
0,lttb/reshadow,31,19,12,0.6129032258064516,358,14,17
0,medialab/website,2,0,2,0.0,12,4,11
0,mtgjson/mtgjson-website,1,1,0,1.0,28,17,4
0,tailwindtoolbox/TailwindToolbox,3,3,0,1.0,20,6,0
0,inaturalist/SeekReactNative,1,0,1,0.0,98,18,15
0,Haehnchen/crypto-trading-bot,1,1,0,1.0,2678,895,171
0,twilio/twilio-cli,3,3,0,1.0,136,61,32
0,testing-library/user-event,8,0,8,0.0,1871,210,17
0,EdgeApp/edge-currency-accountbased,2,0,2,0.0,13,32,13
0,fortinet/fortigate-autoscale,19,0,19,0.0,12,11,12
0,TarsCloud/TarsWeb,6,4,2,0.6666666666666666,134,101,21
0,streamr-dev/broker,2,0,2,0.0,12,7,12
0,keyboardio/Chrysalis,4,3,1,0.75,424,101,25
0,lannonbr/vscode-issue-tracker,8,0,8,0.0,248,53,6
0,maxjeffwell/full-stack-capstone-client,3,2,1,0.6666666666666666,2,0,0
0,goabstract/abstract-sdk,4,4,0,1.0,59,17,28
0,visgl/loaders.gl,2,2,0,1.0,519,140,30
0,RebusFoundation/reader-api,1,0,1,0.0,4,5,4
0,EDM-Spot/OtterBot,2,0,2,0.0,3,5,7
0,ucfopen/Obojobo,8,5,3,0.625,50,32,14
0,acl-services/paprika,1,1,0,1.0,49,6,40
0,Neko250/rlspain,1,0,1,0.0,4,1,3
0,nexxtway/react-rainbow,16,16,0,1.0,1744,105,23
0,atomicojs/atomico,2,0,2,0.0,911,37,23
0,vck3000/ProAvalon,11,6,5,0.5454545454545454,75,62,6
0,totvs/ttalk-standard-message,5,0,5,0.0,30,62,32
0,rabiran/karting,2,2,0,1.0,3,0,4
0,bchiang7/v4,1,1,0,1.0,5760,2695,72
0,integr8ly/tutorial-web-app,1,1,0,1.0,36,54,19
0,Kommunicate-io/Kommunicate-Web-SDK,2,1,1,0.5,23,19,11
0,integromat/vscode-apps-sdk,1,0,1,0.0,25,9,8
0,entrylabs/entry-tool,6,2,4,0.3333333333333333,4,3,10
0,lane711/sonicjs,15,1,11,0.08333333333333333,369,71,14
0,mika-cn/maoxian-web-clipper,1,0,1,0.0,628,92,20
0,sencha/ext-react,1,0,1,0.0,87,37,21
0,inc2734/snow-monkey-blocks,1,0,1,0.0,42,17,2
0,optoolco/components,1,1,0,1.0,66,7,8
0,sc-voice/sc-voice,2,1,1,0.5,9,11,5
0,girder/girder_web_components,11,11,0,1.0,17,9,14
0,pxblue/themes,2,0,2,0.0,5,5,7
0,facebook/fbt,13,0,13,0.0,3771,182,43
0,gridsome/gridsome,9,1,8,0.1111111111111111,8400,498,130
0,peeranha/peeranha-web,6,0,4,0.0,1,0,2
0,PDNMX/pdn,4,4,0,1.0,3,2,9
0,sheinsight/shineout,8,8,0,1.0,806,136,22
0,laravel/nova-docs,4,4,0,1.0,302,153,26
0,kubesphere/docs.kubesphere.io,7,7,0,1.0,29,89,6
0,Optum/mockiato,1,0,1,0.0,23,9,13
0,razzius/weave,3,1,2,0.3333333333333333,7,2,4
0,apexcharts/apexcharts.js,1,1,0,1.0,12157,1067,117
0,asyncapi/generator,2,1,1,0.5,561,146,20
0,tillhub/schemas,18,0,18,0.0,9,3,10
0,tobeyadr/Groundhogg,4,4,0,1.0,30,10,6
0,maidsafe/safenetwork.tech,5,2,3,0.4,16,22,13
0,ifyour/github-trending-archive,3,3,0,1.0,17,2,4
0,goodrain/rainbond-ui,1,0,1,0.0,50,58,9
0,tech-conferences/conference-data,5,5,0,1.0,225,137,10
0,liquality/liquality-swap,1,0,1,0.0,54,38,17
0,leanjs/leanjs,4,4,0,1.0,162,4,4
0,ecency/ecency-mobile,4,4,0,1.0,176,51,9
0,dcloudio/uni-app,5,5,0,1.0,37583,3407,501
0,Tsuk1ko/cq-picsearcher-bot,2,1,1,0.5,1375,212,25
0,ebi-webcomponents/nightingale,3,0,3,0.0,95,29,8
0,shockpkg/packages,1,0,1,0.0,5,0,2
0,common-voice/sentence-collector,3,3,0,1.0,77,64,12
0,eggheadio/how-to-egghead,6,1,5,0.16666666666666666,70,41,12
0,corestate55/netoviz,1,1,0,1.0,32,11,2
0,SAP/luigi,14,12,2,0.8571428571428571,678,158,19
0,kyma-project/console,47,1,46,0.02127659574468085,45,62,25
0,digipolisantwerp/acpaas-ui_react,12,8,4,0.6666666666666666,15,17,9
0,tracking-exposed/yttrex,2,1,1,0.5,38,12,4
0,accessibilitysupported/a11ysupport.io,2,2,0,1.0,234,24,15
0,RedHatInsights/vulnerability-ui,1,1,0,1.0,10,37,10
0,dashevo/wallet-lib,1,1,0,1.0,13,15,10
0,Integreat/integreat-react-native-app,9,8,1,0.8888888888888888,9,4,9
0,makerdao/governance-portal,7,7,0,1.0,26,28,16
0,ninjadotorg/handshake-i18n,2,0,1,0.0,5,0,2
0,magento/pwa-studio,8,7,1,0.875,985,648,298
0,codefordenver/Comrad,4,4,0,1.0,23,8,23
0,StanfordHCI/bang,1,1,0,1.0,2,1,11
0,Amsterdam/signals-frontend,3,1,2,0.3333333333333333,9,21,20
0,betagouv/eva,2,2,0,1.0,14,3,9
0,bmlt-enabled/crouton,1,1,0,1.0,4,13,2
0,ChilliCream/hotchocolate-docs,3,2,1,0.6666666666666666,17,51,6
0,wazo-platform/wazo-js-sdk,5,5,0,1.0,29,16,6
0,IHTSDO/authoring-ui,2,0,2,0.0,7,4,15
0,herotc/bfa.herodamage.com,1,0,1,0.0,24,15,3
0,genouest/genouestaccountmanager,11,0,11,0.0,4,6,4
0,Netflix/pollyjs,5,5,0,1.0,9849,389,333
0,segmentio/analytics.js-integrations,4,0,2,0.0,105,139,18
0,mozilla/Spoke,2,1,1,0.5,574,215,49
0,Simonwep/pickr,1,1,0,1.0,3962,276,28
0,asterics/AsTeRICS-Grid,1,1,0,1.0,23,8,8
0,vtex-apps/store,6,3,3,0.5,55,38,56
0,CityOfPhiladelphia/phila.gov-router,5,3,1,0.75,6,2,14
0,guidokessels/xwing-data2,5,4,1,0.8,83,63,16
0,bytedance/xgplayer,1,0,1,0.0,5852,677,108
0,GuacLive/guac-web,2,1,1,0.5,10,5,2
0,your-digital-rights/yourdigitalrights.org,2,1,1,0.5,52,11,5
0,orbs-network/orbs-ethereum-contracts-v1,14,0,5,0.0,7,5,6
0,integrations/jira,3,2,1,0.6666666666666666,483,158,22
0,studiodrishti/recipe-lab,3,0,3,0.0,4,1,3
0,StartupsPoleEmploi/zen,8,7,1,0.875,6,2,4
0,bespoken/skill-testing-ml,5,5,0,1.0,8,1,9
0,Plant-for-the-Planet-org/treecounter-app,2,1,1,0.5,37,18,13
0,CivicActions/civicactions.com,7,0,7,0.0,2,13,59
0,catdad/raw-viewer,1,0,1,0.0,36,6,6
0,ensdomains/ens-app,6,1,5,0.16666666666666666,197,253,16
0,Tiledesk/tiledesk-server,6,1,5,0.16666666666666666,169,63,9
0,UKHomeOffice/hocs-frontend,1,1,0,1.0,4,3,7
0,DemonCloud/cubec,1,0,1,0.0,2,1,1
0,software-mansion/react-native-reanimated,17,17,0,1.0,6849,1028,72
0,FrontEndFoxes/curriculum,4,4,0,1.0,56,80,4
0,Back2bikes/attendance,9,9,0,1.0,23,11,11
0,willin/github-trending,3,2,1,0.6666666666666666,16,5,5
0,kubesphere/ks-website,6,6,0,1.0,10,19,3
0,fjp/fjp.github.io,1,1,0,1.0,8,0,2
0,iov-one/iov-core,2,2,0,1.0,197,20,44
0,SuitestAutomation/suitest-js-api,1,1,0,1.0,9,5,5
0,bunq/doc,10,0,10,0.0,22,14,4
0,altangent/ccxws,2,1,1,0.5,596,183,23
0,dimaportenko/magento-react-native,1,1,0,1.0,290,162,36
0,weave-microservices/weave,1,1,0,1.0,5,0,3
0,ksc-fe/kpc,6,6,0,1.0,330,54,26
0,gladly-team/tab-homepage,6,6,0,1.0,22,3,5
0,vtex-apps/store-components,7,3,4,0.42857142857142855,44,128,58
0,Faithlife/styled-ui,5,0,5,0.0,12,53,18
0,keystonejs/keystone,2,1,1,0.5,7411,945,67
0,buxlabs/boxwood,3,3,0,1.0,24,4,2
0,wix/ricos,2,2,0,1.0,272,41,126
0,citizenos/citizenos-api,1,0,1,0.0,28,6,5
0,moonwalker/orbit,15,15,0,1.0,4,0,8
0,uc-cdis/gen3-qa,5,2,3,0.4,4,2,26
0,lifeomic/cli,4,4,0,1.0,19,19,27
0,codex-protocol/service.eel,2,0,2,0.0,5,4,3
0,mozilla/contain-facebook,1,1,0,1.0,910,173,41
0,AlexsLemonade/refinebio-frontend,8,8,0,1.0,8,7,6
0,marp-team/marpit,2,1,1,0.5,696,36,12
0,KyberNetwork/kyber-tracker,5,0,5,0.0,19,10,3
0,botfront/rasa-webchat,2,1,1,0.5,769,440,30
0,SymphonyPlatformSolutions/symphony-api-client-node,4,3,1,0.75,6,25,8
0,iguazio/dashboard-controls,1,0,1,0.0,3,20,3
0,CodeforKarlsruhe/direktvermarkter,1,1,0,1.0,35,9,10
0,wordpress-mobile/gutenberg-mobile,16,4,12,0.25,176,56,27
0,king-prawns/webpack5-starter-kit,2,2,0,1.0,75,19,3
0,MyScienceWork/PolarisOS,4,0,4,0.0,24,10,15
0,HackYourFuture/JavaScript3,4,0,2,0.0,14,299,24
0,connectome-neuprint/neuPrintExplorer,1,1,0,1.0,19,3,7
0,haiwen/seafile-js,10,0,6,0.0,18,18,9
0,ghostery/ghostery-extension,3,0,3,0.0,1165,141,56
0,kirjavascript/nibblrjr,3,0,3,0.0,25,4,1
0,lykmapipo/express-common,1,0,1,0.0,4,2,2
0,electron/dependent-repos,5,4,1,0.8,17,22,3
0,biuuu/BLHXFY,4,4,0,1.0,242,122,16
0,eBay/ebayui-core,4,2,2,0.5,187,90,29
0,DevExpress/devextreme-react,1,1,0,1.0,133,54,32
0,minimit/xtendui,2,0,2,0.0,240,7,4
0,Frontify/sketch,1,0,1,0.0,7,1,39
0,DataBiosphere/terra-ui,1,0,1,0.0,48,16,34
0,Hacker0x01/docs.hackerone.com,4,4,0,1.0,250,1393,72
0,flussonic/mse-player,5,0,5,0.0,65,26,17
0,uwcirg/tb-mobile-app,6,0,5,0.0,5,2,8
0,nmxiaowei/avue,4,1,3,0.25,1999,468,57
0,pinterest/gestalt,7,7,0,1.0,4069,325,62
0,ICIJ/datashare-client,9,8,1,0.8888888888888888,27,11,9
0,evgeny-nadymov/telegram-react,3,2,1,0.6666666666666666,1980,529,57
0,poanetwork/tokenbridge-contracts,9,6,3,0.6666666666666666,181,214,11
0,fakob/MoviePrint_v004,4,0,1,0.0,94,20,6
0,rexrainbow/phaser3-rex-notes,3,3,0,1.0,990,234,17
0,navgurukul/chanakya,1,1,0,1.0,4,16,8
0,UKHomeOffice/asl-schema,4,4,0,1.0,3,1,9
0,inkline/inkline,3,0,3,0.0,1145,66,18
0,rei/rei-cedar-docs,1,1,0,1.0,16,8,24
0,byu-oit/openapi-enforcer,2,2,0,1.0,87,21,7
0,kccd/nkc,1,0,1,0.0,48,18,3
0,orbiting/backends,6,2,4,0.3333333333333333,39,13,2
0,AresMUSH/ares-webportal,6,3,3,0.5,4,67,2
0,AdguardTeam/FiltersRegistry,2,0,2,0.0,149,38,24
0,ooni/explorer,4,4,0,1.0,56,36,15
0,gardener/dashboard,3,2,1,0.6666666666666666,198,82,21
0,IUSCA/SQAN,4,3,1,0.75,8,3,7
0,VizierDB/web-ui,12,11,1,0.9166666666666666,12,2,5
0,ManageIQ/manageiq-v2v,5,0,5,0.0,10,40,14
0,osmlab/maproulette3,6,6,0,1.0,98,29,11
0,WebThingsIO/zigbee-adapter,1,0,1,0.0,44,30,14
0,ebshimizu/stats-of-the-storm,8,0,8,0.0,54,11,8
0,infor-design/design-system,5,5,0,1.0,64,12,21
0,lbryio/lbry-redux,9,1,8,0.1111111111111111,16,45,14
0,mrvautin/expressCart,6,6,0,1.0,2160,830,81
0,ethereum/ethereum-org-website,1,1,0,1.0,3709,3600,181
0,water-fountains/datablue,1,1,0,1.0,2,4,4
0,gfxfundamentals/threejsfundamentals,6,0,6,0.0,1071,201,32
0,jhipster/prettier-java,10,3,7,0.3,893,92,25
0,pass-culture/pass-culture-browser,1,0,1,0.0,11,4,7
0,ACM-UCI/ACM-UCI-Website,9,9,0,1.0,5,4,7
0,immerjs/immer,5,5,0,1.0,24376,804,156
0,keepassxreboot/keepassxc-browser,1,1,0,1.0,1283,133,40
0,react-navigation/react-navigation.github.io,5,0,5,0.0,288,1647,8
0,Paturages/chorus,6,4,2,0.6666666666666666,96,254,13
0,seleb/bitsy-hacks,2,2,0,1.0,178,47,6
0,Criptext/Criptext-Email-React-Client,10,2,4,0.3333333333333333,71,21,12
0,danhumphrey/page-modeller,1,0,1,0.0,76,19,11
0,Esri/calcite-react,2,2,0,1.0,52,15,14
0,SAPConversationalAI/Webchat,1,1,0,1.0,72,206,20
0,codeforequity-at/botium-core,1,0,1,0.0,204,57,14
0,makerdao/dai.js,6,5,1,0.8333333333333334,89,66,19
0,obniz/obniz,3,0,3,0.0,77,39,7
0,ngageoint/opensphere,1,1,0,1.0,173,84,25
0,xizon/uix-kit,2,0,2,0.0,352,50,19
0,senti-iot/senti-console,1,0,1,0.0,9,1,4
0,azu/ecmascript-proposals-json,8,5,3,0.625,10,1,3
0,biocodellc/geome-ui,4,4,0,1.0,3,4,6
0,angrykoala/wendigo,1,1,0,1.0,138,19,5
0,axa-ch/patterns-library,3,3,0,1.0,101,16,25
0,FUB-HCC/IKON-projektor,5,4,1,0.8,4,2,9
0,30-seconds/30-seconds-of-code,8,8,0,1.0,106782,11081,2606
0,AdExNetwork/adex-platform,1,1,0,1.0,54,18,13
0,ErikVerheul/OneBacklog,2,0,2,0.0,5,1,2
0,imshuffling/davidrich.es,1,0,1,0.0,9,1,2
0,koumoul-dev/data-fair,1,1,0,1.0,25,6,4
0,optimistdigital/create-frontend,3,0,3,0.0,12,3,5
0,final-form/react-final-form,1,1,0,1.0,7162,496,83
0,maticnetwork/contracts,1,0,1,0.0,658,338,65
0,json-editor/json-editor,1,0,1,0.0,3500,542,73
0,elastic/apm-agent-rum-js,5,0,5,0.0,247,106,296
0,EdgeVerve/oe-workflow,1,0,1,0.0,19,2,4
0,cityofaustin/janis,1,0,1,0.0,16,6,13
0,brave/brave-browser,1,1,0,1.0,14482,1712,373
0,go-faast/faast-web,2,0,2,0.0,112,49,15
0,appbaseio/reactivecore,6,5,1,0.8333333333333334,35,31,5
0,fluid-project/sjrk-story-telling,2,2,0,1.0,3,12,8
0,IFRCGo/go-frontend,13,11,2,0.8461538461538461,20,6,17
0,gregnb/mui-datatables,2,0,2,0.0,2549,913,44
0,konecnyna/slack-cat,2,1,1,0.5,18,11,3
0,finos/perspective,8,3,5,0.375,5177,567,112
0,LiskHQ/lisk-desktop,1,1,0,1.0,588,98,35
0,abetomo/google-drive-cleaner,4,4,0,1.0,7,1,3
0,samtecspg/articulate,7,7,0,1.0,588,151,42
0,Nodics/nodics,1,0,1,0.0,5,1,1
0,qmk/qmk_configurator,4,4,0,1.0,511,303,24
0,CarPalFleet/JavaScript-SDK,4,0,4,0.0,4,2,2
0,OrangeXC/gank,3,2,1,0.6666666666666666,127,18,4
0,protofire/solhint,4,4,0,1.0,839,127,23
0,Yuvaleros/material-ui-dropzone,5,4,1,0.8,453,229,8
0,emazzotta/lighthouse-badges,4,3,1,0.75,188,33,3
0,dpc-sdp/ripple,3,3,0,1.0,46,38,23
0,pqina/filepond,5,5,0,1.0,13219,757,152
0,surveyjs/custom-widgets,1,1,0,1.0,71,68,8
0,ooni/probe-desktop,3,3,0,1.0,64,13,13
0,kids-first/kf-portal-ui,2,0,2,0.0,25,13,17
0,mozilla/hubs,2,1,1,0.5,1934,1279,96
0,sparkdesignsystem/spark-design-system,2,0,2,0.0,107,77,11
0,getodk/central-frontend,2,2,0,1.0,24,39,8
0,BuildFire/placesPlugin2,5,0,5,0.0,4,19,7
0,benetech/MathShare,3,3,0,1.0,8,3,9
0,decred/politeiagui,1,1,0,1.0,63,61,7
0,getodk/central-backend,2,2,0,1.0,41,47,9
0,BrightID/BrightID,9,0,9,0.0,176,48,27
0,zebrunner/stf,3,0,2,0.0,17,11,10
0,ChildMindInstitute/mindlogger-app,4,3,1,0.75,11,4,9
0,DeveloperCielo/developercielo.github.io,6,0,0,0,47,51,26
0,react-static/react-static,1,1,0,1.0,10208,810,132
0,mattermost/mattermost-webapp,6,5,1,0.8333333333333334,2216,2770,58
0,mdbootstrap/React-Bootstrap-with-Material-Design,1,0,1,0.0,1262,260,45
0,ging/fiware-idm,11,10,1,0.9090909090909091,30,70,16
0,wojtekmaj/react-date-picker,6,6,0,1.0,1021,181,13
0,rescapes/ramda,3,0,2,0.0,2,0,2
0,wulkanowy/fake-log,2,2,0,1.0,14,10,4
0,social-media-testdrive/truman_testdrive,2,2,0,1.0,9,9,5
0,AliceO2Group/WebUi,1,1,0,1.0,11,11,4
0,applitools/eyes.sdk.javascript1,2,1,1,0.5,61,41,9
0,alliance-genome/agr_ui,2,1,1,0.5,11,8,26
0,jumpalottahigh/blog.georgi-yanev.com,1,1,0,1.0,17,1,1
0,sencha/ext-angular,1,0,1,0.0,37,26,12
0,elifesciences/elife-xpub,4,4,0,1.0,29,5,15
0,OpenNeuroOrg/openneuro,4,3,1,0.75,75,26,9
0,parcel-bundler/parcel,2,1,1,0.5,41857,2230,458
0,anlix-io/flashman,2,1,1,0.5,15,5,7
0,HamishMW/portfolio,3,3,0,1.0,851,173,10
0,tighten/ziggy,3,3,0,1.0,3106,201,40
0,redsolution/xabber-web,1,0,1,0.0,118,50,21
0,invinst/CPDBv2_mobile,6,0,6,0.0,8,1,5
0,tulios/kafkajs,9,8,1,0.8888888888888888,3033,415,37
0,Giveth/feathers-giveth,15,12,3,0.8,85,101,9
0,alibaba/funcraft,4,3,1,0.75,936,141,29
0,Giveth/giveth-dapp,1,1,0,1.0,334,237,27
0,segmentio/evergreen,23,8,15,0.34782608695652173,11995,834,120
0,michaeldzjap/react-signature-pad-wrapper,4,0,4,0.0,120,21,1
0,salesforce/lwc,3,3,0,1.0,1343,296,87
0,wojtekmaj/react-calendar,6,6,0,1.0,2813,434,27
0,brave-intl/bat-ledger,1,1,0,1.0,63,24,16
0,lidaof/eg-react,4,4,0,1.0,51,27,7
0,urbica/react-map-gl,4,4,0,1.0,394,49,11
0,orbiting/publikator-frontend,1,1,0,1.0,16,1,4
0,okta/okta-oidc-js,9,0,6,0.0,389,239,49
0,StatEngine/stat-engine,4,1,3,0.25,8,6,9
0,LLK/scratch-l10n,4,4,0,1.0,61,161,34
0,MyEtherWallet/ethereum-lists,3,0,3,0.0,525,1399,45
0,priceline/design-system,5,4,1,0.8,685,120,35
0,Shyam-Chen/Vue-Starter,4,0,4,0.0,152,39,12
0,smartface/sf-extension-utils,4,4,0,1.0,9,6,11
0,folio-org/ui-eholdings,1,0,1,0.0,16,5,23
0,cerner/terra-toolkit,1,0,1,0.0,29,34,28
0,CityOfZion/neon-wallet,4,2,2,0.5,1055,337,93
0,developersdo/opensource,1,0,1,0.0,62,39,11
0,r-spacex/SpaceX-API,1,1,0,1.0,9690,861,178
0,wesbos/Syntax,2,0,2,0.0,711,433,15
0,openpracticelibrary/openpracticelibrary,1,0,1,0.0,173,82,31
0,tengge1/ShadowEditor,1,1,0,1.0,1404,256,63
0,reasonml/reasonml.github.io,5,0,4,0.0,324,406,18
0,usdot-its-jpo-data-portal/datahub-ui,2,1,1,0.5,17,6,5
0,InsideSalesOfficial/insidesales-components,9,1,8,0.1111111111111111,5,23,8
0,AssemblyScript/binaryen.js,1,0,1,0.0,280,38,11
0,vergecurrency/vergecurrency.com,1,0,1,0.0,102,166,38
0,Scrivito/scrivito_example_app_js,1,1,0,1.0,71,52,5
0,broadinstitute/gnomad-browser,1,1,0,1.0,62,31,30
0,vtex/address-form,22,0,22,0.0,23,24,156
0,luangjokaj/wordpressify,1,0,1,0.0,1532,134,54
0,newsuk/times-components,1,1,0,1.0,252,39,69
0,telldus/telldus-live-mobile-v3,7,0,7,0.0,13,5,7
0,abetomo/node-ss2json,4,4,0,1.0,9,5,4
0,kaltura/playkit-js-ui,8,0,8,0.0,25,13,17
0,dvaJi/ReaderFront,2,2,0,1.0,44,11,8
0,emotion-js/emotion,2,1,1,0.5,15918,1059,100
0,internet4000/radio4000,12,12,0,1.0,42,15,7
0,Integreat/integreat-webapp,4,2,2,0.5,12,2,10
0,whawker/react-jsx-highcharts,3,3,0,1.0,411,94,15
0,tradle/mycloud,1,0,1,0.0,14,11,9
0,TeamFleet/WhoCallsTheFleet-Pics,3,3,0,1.0,3,0,3
0,cmux/koot,1,1,0,1.0,64,13,7
0,resource-watch/resource-watch,9,9,0,1.0,59,21,9
0,unep-grid/map-x-mgl,3,0,2,0.0,66,20,11
0,ifanrx/hydrogen-js-sdk,3,0,3,0.0,56,18,23
0,SparkPost/matchbox,6,0,6,0.0,108,10,41
0,gemini-testing/html-reporter,2,2,0,1.0,38,37,5
0,lyrgard/ffbeEquip,6,0,1,0.0,85,61,11
0,w3c/validate-repos,1,1,0,1.0,14,14,16
0,alexlitel/congresstweets-automator,10,0,10,0.0,18,14,3
0,omnisci/mapd-charting,2,1,1,0.5,392,75,49
0,status-im/status.im,3,3,0,1.0,136,88,52
0,amyjko/faculty,1,1,0,1.0,17,17,4
0,qgrid/ng2,2,1,1,0.5,22,25,8
0,FuelRats/fuelrats.com,4,3,1,0.75,30,22,8
0,viewstools/morph,5,0,5,0.0,1,0,2
0,paypal/fullstack-phone,1,0,1,0.0,88,26,17
0,moodlebox/moodlebox.net,2,2,0,1.0,24,12,2
0,WhoTargetsMe/Who-Targets-Me,2,2,0,1.0,75,16,11
0,paradite/hn-ratio,2,1,1,0.5,23,5,1
0,vtex/styleguide,4,4,0,1.0,162,24,173
0,automerge/automerge,4,2,2,0.5,14283,4064,211
0,Photosynq/PhotosynQ-Documentation,3,0,3,0.0,6,3,6
0,brainstormforce/astra,2,2,0,1.0,369,134,30
0,psono/psono-client,5,0,5,0.0,15,4,2
0,JiHong88/SunEditor,1,1,0,1.0,1058,239,24
0,nodefony/nodefony,4,0,4,0.0,19,2,4
0,City-of-Helsinki/mvj-ui,7,4,3,0.5714285714285714,4,5,3
0,styled-components/styled-components-website,5,3,2,0.6,572,416,28
0,im6/javascript-fun,1,1,0,1.0,37,0,1
0,evaera/RoVer,5,4,1,0.8,146,222,22
0,mapbox/osmcha-frontend,5,1,1,0.5,102,29,98
0,instacart/Snacks,5,2,3,0.4,73,38,45
0,Xi-Plus/twinkle,1,0,1,0.0,12,7,6
0,TarikHuber/react-most-wanted,6,6,0,1.0,2284,447,43
0,opensupports/opensupports,1,0,1,0.0,748,304,56
0,stiftelsen-effekt/effekt-backend,1,1,0,1.0,4,6,6
0,danielcaldas/react-d3-graph,1,1,0,1.0,729,210,19
0,pastelsky/bundlephobia,5,2,3,0.4,7653,235,22
0,appbaseio/playground,1,0,1,0.0,47,18,6
0,matthewberryman/midsomerplots,2,2,0,1.0,22,2,4
0,lingochen/wings3d,6,2,4,0.3333333333333333,25,4,4
0,carbon-design-system/carbon,26,22,4,0.8461538461538461,6242,1479,83
0,mattermost/mattermost-redux,5,5,0,1.0,201,413,51
0,silverstripe/silverstripe-admin,6,1,5,0.16666666666666666,28,88,19
0,topcoder-platform/community-app,1,0,1,0.0,127,221,55
0,TobitSoftware/chayns-components,1,1,0,1.0,18,31,14
0,jumpserver/luna,7,4,1,0.8,240,134,17
0,pilas-engine/pilas-engine,5,0,5,0.0,30,19,5
0,jaegertracing/jaeger-ui,7,7,0,1.0,873,320,1073
0,qiuwww/blog,15,11,1,0.9166666666666666,13,8,4
0,owncloud/guests,7,3,4,0.42857142857142855,6,15,50
0,cwrc/CWRC-WriterBase,2,0,1,0.0,15,3,4
0,appbaseio/reactivesearch,14,14,0,1.0,4749,475,66
0,Datawheel/canon,4,0,4,0.0,23,5,5
0,vanda/vam-fractal,8,1,7,0.125,5,4,9
0,CMSgov/design-system,15,12,3,0.8,249,77,60
0,idyll-lang/idyll,6,4,2,0.6666666666666666,1928,96,27
0,kaltura/playkit-js,2,0,2,0.0,100,32,23
0,ben-eb/caniuse-lite,6,5,0,1.0,435,71,7
0,Backendless/Console-SDK,3,0,3,0.0,7,2,10
0,youzan/vant-weapp,3,3,0,1.0,16488,3429,441
0,Inist-CNRS/lodex,1,0,1,0.0,46,9,7
0,microsoft/pxt-blockly,1,0,1,0.0,152,70,26
0,Talend/ui,6,5,1,0.8333333333333334,146,48,45
0,lbryio/lbry-desktop,4,4,0,1.0,3582,461,97
0,gathercontent/gather-ui,2,1,1,0.5,7,0,12
0,Kilian/electron-to-chromium,4,4,0,1.0,124,25,5
0,goodjoblife/GoodJobShare,7,6,1,0.8571428571428571,68,11,7
0,iou90/react-native-autoheight-webview,2,1,1,0.5,458,154,9
0,synzen/MonitoRSS,9,6,3,0.6666666666666666,837,223,30
0,vlocityinc/vlocity_build,1,0,1,0.0,91,77,26
0,gladly-team/tab,37,36,1,0.972972972972973,101,22,7
0,treadpit/wx_calendar,2,2,0,1.0,2168,491,50
0,stellarterm/stellarterm,21,14,7,0.6666666666666666,442,227,23
0,linuxmint/cinnamon-spices-applets,1,0,1,0.0,494,426,40
0,openscope/openscope,2,2,0,1.0,493,164,38
0,joshhunt/destinySets,6,2,4,0.3333333333333333,143,21,10
0,ckeditor/ckeditor5-dev,1,0,1,0.0,31,22,16
0,serverless-operations/serverless-step-functions,6,6,0,1.0,943,185,21
0,TeamFleet/WhoCallsTheFleet-Yuubari,1,0,1,0.0,11,3,3
0,sehugg/8bitworkshop,2,0,2,0.0,422,71,30
0,C0deboy/jaki-jezyk-programowania,4,0,4,0.0,5,5,1
0,facebook/metro,12,0,12,0.0,4682,608,93
0,gobuffalo/docs,3,2,1,0.6666666666666666,112,164,15
0,mozilla/multi-account-containers,1,0,1,0.0,2247,288,78
0,nodejs/security-wg,1,1,0,1.0,377,139,71
0,gchq/CyberChef,2,1,1,0.5,19960,2360,361
0,ember-animation/ember-animated,4,0,1,0.0,234,80,14
0,quantastica/quantum-circuit,1,1,0,1.0,198,39,14
0,photonstorm/phaser3-examples,2,0,0,0,1208,685,50
0,EdgeApp/edge-react-gui,2,1,1,0.5,404,252,27
0,lskjs/lskjs,13,0,13,0.0,37,18,9
0,elix/elix,2,0,2,0.0,705,38,26
0,invinst/CPDBv2_frontend,5,0,5,0.0,20,4,3
0,openhab/openhab-alexa,1,0,1,0.0,147,91,38
0,speckleworks/SpeckleServer,5,5,0,1.0,112,34,17
0,qgis/qwc2-demo-app,2,1,1,0.5,180,122,42
0,Tencent/wepy,8,8,0,1.0,22001,3070,728
0,decred/decrediton,4,2,2,0.5,205,125,33
0,screeps/engine,4,0,0,0,119,64,21
0,oznu/dns-zone-blacklist,1,1,0,1.0,166,24,11
0,newmips/newmips,8,0,8,0.0,15,6,6
0,F5Networks/f5-cloud-libs,8,0,7,0.0,30,16,33
0,KhalisFoundation/sttm-web,5,5,0,1.0,48,29,20
0,mcneilco/acas,7,1,1,0.5,11,5,3
0,ForestAdmin/lumber,2,1,1,0.5,2076,117,41
0,Js41637/Overwatch-Item-Tracker,4,0,4,0.0,245,54,22
0,timelapseplus/VIEW,4,0,1,0.0,35,10,26
0,lskjs/ux,3,0,3,0.0,16,11,6
0,tannerlinsley/react-table,19,19,0,1.0,20398,2686,166
0,prescottprue/react-redux-firebase,18,17,1,0.9444444444444444,2539,586,37
0,JetBrains/youtrack-mobile,9,7,2,0.7777777777777778,228,61,16
0,AusDTO/dto-digitalmarketplace-frontend,1,0,1,0.0,9,8,11
0,dougmoscrop/serverless-http,8,8,0,1.0,1568,160,18
0,PubMatic/OpenWrap,1,0,0,0,40,18,15
0,input-output-hk/daedalus,3,2,1,0.6666666666666666,1217,301,104
0,wellcomecollection/wellcomecollection.org,32,28,4,0.875,36,6,23
0,osbuild/cockpit-composer,1,1,0,1.0,38,43,20
0,FrankerFaceZ/FrankerFaceZ,1,0,1,0.0,600,81,30
0,oVirt/ovirt-web-ui,3,0,3,0.0,96,66,37
0,tocco/tocco-client,4,4,0,1.0,30,4,9
0,alphagov/govuk-frontend,2,1,1,0.5,798,284,58
0,codaxy/cxjs,4,0,4,0.0,453,69,23
0,mendix/docs,2,2,0,1.0,102,601,16
0,throneteki/throneteki,2,2,0,1.0,81,67,11
0,Tradeshift/tradeshift-ui,10,10,0,1.0,35,40,41
0,cloudify-cosmo/cloudify-stage,1,1,0,1.0,31,19,24
0,hyperledger/blockchain-explorer,10,3,7,0.3,1270,902,101
0,firewalla/firewalla,4,0,4,0.0,448,116,49
0,HSLdevcom/hsl-map-publisher,4,0,2,0.0,3,1,8
0,enactjs/enact,5,0,5,0.0,249,24,93
0,zone-eu/zone-mta,1,0,1,0.0,521,81,44
0,serverless/blog,1,0,0,0,179,203,37
0,electron/apps,5,5,0,1.0,1610,1586,121
0,collectionspace/cspace-ui.js,2,0,2,0.0,2,12,9
0,UNICEF01/busca-ativa-escolar-web,5,0,0,0,3,5,7
0,moaazsidat/react-native-qrcode-scanner,5,5,0,1.0,1957,449,29
0,byteball/ocore,1,0,1,0.0,143,94,33
0,wulkano/Kap,3,0,3,0.0,16093,796,179
0,serverless/plugins,7,3,4,0.42857142857142855,942,321,56
0,AGProjects/sylk-webrtc,6,0,6,0.0,53,27,14
0,optimizely/javascript-sdk,25,21,4,0.84,67,76,93
0,WFCD/warframe-worldstate-data,1,1,0,1.0,47,28,9
0,chteuchteu/MaterialDesignIcons-Picker,10,1,8,0.1111111111111111,32,4,3
0,plantinformatics/pretzel,7,1,2,0.3333333333333333,32,12,6
0,programmfabrik/coffeescript-ui,7,0,7,0.0,14,2,10
0,facebook/create-react-app,1,1,0,1.0,98554,25850,1943
0,janis91/ocr,2,0,2,0.0,98,17,7
0,iguanaChart/iguanacharts,1,1,0,1.0,39,20,10
0,zenmoney/ZenPlugins,16,0,16,0.0,201,104,18
0,CruGlobal/give-web,6,1,3,0.25,4,0,29
0,hovancik/stretchly,3,0,3,0.0,3637,390,36
0,microsoft/BotFramework-WebChat,6,6,0,1.0,1351,1392,128
0,apache/echarts-doc,3,0,3,0.0,204,150,35
0,cedardevs/onestop,2,1,1,0.5,31,19,14
0,tidepool-org/viz,11,6,5,0.5454545454545454,11,6,22
0,craftercms/studio-ui,2,0,2,0.0,10,28,7
0,contentful/extensions,46,45,0,1.0,200,216,52
0,participedia/api,1,1,0,1.0,15,11,5
0,appirio-tech/connect-app,2,0,1,0.0,44,146,46
0,cast-org/figuration,1,0,1,0.0,24,2,5
0,webpack/webpack.js.org,4,0,4,0.0,2162,3334,63
0,OpenBazaar/openbazaar-desktop,4,3,1,0.75,641,200,47
0,Thorium-Sim/thorium,15,14,1,0.9333333333333333,137,60,14
0,thm-projects/arsnova-flashcards,4,0,4,0.0,9,2,8
0,KissKissBankBank/kitten,1,0,1,0.0,43,3,16
0,18F/fedramp-dashboard,3,1,2,0.3333333333333333,22,19,18
0,Techtonica/curriculum,1,1,0,1.0,530,463,45
0,sketch-hq/SketchAPI,4,4,0,1.0,835,133,49
0,betaflight/betaflight-configurator,4,4,0,1.0,1813,741,148
0,microsoft/monaco-editor,3,0,3,0.0,32556,3138,516
0,jupyterlab/jupyterlab,1,1,0,1.0,12559,2533,314
0,TheScienceMuseum/collectionsonline,1,1,0,1.0,47,3,5
0,EdgeApp/edge-core-js,1,0,1,0.0,66,53,19
0,fenneclab/hugo-bin,2,1,1,0.5,74,23,8
0,beakerbrowser/beaker,1,0,1,0.0,6702,579,188
0,outline/outline,6,6,0,1.0,18075,1519,142
0,GPII/gpii-app,1,0,0,0,3,19,13
0,portainer/portainer,8,1,6,0.14285714285714285,24226,2112,466
0,steemit/condenser,13,6,6,0.5,510,434,89
0,GlobalFishingWatch/map-client,3,2,1,0.6666666666666666,25,11,32
0,mapcentia/vidi,10,0,5,0.0,41,23,4
0,nuxeo/doc.nuxeo.com,4,1,3,0.25,4,2,32
0,zulip/zulip-mobile,1,1,0,1.0,1105,575,32
0,orbitdb/orbit-db-store,2,2,0,1.0,40,27,9
0,luminati-io/luminati-proxy,3,0,3,0.0,582,183,53
0,processing/p5.js-web-editor,1,1,0,1.0,938,586,58
0,iNavFlight/inav-configurator,4,0,2,0.0,407,247,50
0,Kong/insomnia,3,2,1,0.6666666666666666,26044,1395,227
0,nextstrain/auspice,1,1,0,1.0,274,166,25
0,Expensify/expensify-common,2,0,2,0.0,6,44,19
0,origo-map/origo,5,5,0,1.0,31,41,17
0,SynBioHub/synbiohub,5,4,1,0.8,60,22,9
0,ezpaarse-project/ezmesure,9,0,2,0.0,9,1,14
0,higlass/higlass,2,1,0,1.0,258,49,25
0,ethereum/remix,3,3,0,1.0,1149,455,76
0,foxdonut/meiosis,13,13,0,1.0,413,17,17
0,ExploreConsulting/netsuite-fasttrack-toolkit-ss2,9,0,9,0.0,61,23,29
0,ubergrape/grape-web-client,16,13,3,0.8125,7,0,7
0,betaflight/blackbox-log-viewer,3,3,0,1.0,346,120,34
0,github/eslint-plugin-github,1,1,0,1.0,205,66,141
0,Xtraball/Siberian,1,1,0,1.0,158,150,43
0,FooSoft/yomichan,1,1,0,1.0,803,83,17
0,orbitdb/ipfs-log,1,1,0,1.0,369,62,22
0,ibi-group/datatools-ui,12,12,0,1.0,93,57,11
0,dcos/dcos-website,1,0,1,0.0,25,53,18
0,jhipster/jhipster-core,3,3,0,1.0,342,122,42
0,BoostIO/Boostnote,12,10,1,0.9090909090909091,17217,1542,315
0,ShelterTechSF/askdarcel-web,2,1,1,0.5,28,20,5
0,tsitu/MH-Tools,1,0,1,0.0,24,30,9
0,cjdev/visual-stack,2,2,0,1.0,15,6,22
0,mathcoll/t6,3,3,0,1.0,29,10,5
0,trendscenter/coinstac,17,17,0,1.0,35,18,21
0,Qbix/Platform,9,9,0,1.0,83,19,7
0,dherault/serverless-offline,2,0,2,0.0,4806,761,62
0,qooxdoo/qooxdoo-compiler,1,1,0,1.0,37,22,17
0,ManageIQ/manageiq-ui-service,7,7,0,1.0,24,91,9
0,inlife/nexrender,1,0,1,0.0,1344,292,56
0,react-atomic/react-atomic-organism,11,1,10,0.09090909090909091,10,6,3
0,davidmerfield/Blot,13,5,8,0.38461538461538464,1122,65,24
0,mjmlio/mjml,3,0,3,0.0,14836,895,169
0,jitsi/lib-jitsi-meet,5,0,4,0.0,1250,1047,57
0,artf/grapesjs,2,2,0,1.0,17182,3260,462
0,ncbi/icn3d,1,0,1,0.0,114,36,21
0,gbif/portal16,3,0,3,0.0,19,14,17
0,okonet/lint-staged,4,1,3,0.25,11350,416,43
0,comindware/core-ui,6,6,0,1.0,32,37,5
0,tinode/tinode-js,1,0,1,0.0,43,40,7
0,tinode/webapp,1,0,1,0.0,249,165,14
0,xiaoqiang-zhao/my-cellar,6,0,0,0,20,0,4
0,kitspace/kitspace,8,4,4,0.5,234,89,16
0,rjsf-team/react-jsonschema-form,3,3,0,1.0,12145,2012,162
0,visgl/deck.gl,3,3,0,1.0,10538,1903,1728
0,i18next/react-i18next,2,0,2,0.0,7939,1009,48
0,imba/imba.io,9,9,0,1.0,76,34,11
0,SAPDocuments/Tutorials,1,0,1,0.0,542,689,81
0,FelixHenninger/lab.js,11,7,4,0.6363636363636364,197,97,15
0,entrylabs/entry-hw,2,1,1,0.5,24,256,13
0,fedspendingtransparency/data-act-broker-web-app,2,2,0,1.0,18,18,30
0,moment/luxon,6,6,0,1.0,13440,698,103
0,tudvari/dockerfile-generator,3,3,0,1.0,16,7,1
0,pangolinjs/core,6,6,0,1.0,18,3,3
0,CoorpAcademy/components,1,0,1,0.0,8,6,12
0,okta/okta-signin-widget,13,0,13,0.0,320,295,198
0,ComPlat/chemotion_ELN,1,0,1,0.0,83,33,20
0,transloadit/uppy,4,4,0,1.0,26299,1785,338
0,suxxes/abroadunderhood,1,1,0,1.0,29,4,4
0,FrontEndHappyHour/frontendhappyhour.github.io,2,2,0,1.0,18,19,3
0,makeomatic/ms-users,3,0,3,0.0,8,13,8
0,sensorsdata/sa-sdk-javascript,3,2,1,0.6666666666666666,751,504,35
0,StataBS/indikatoren,2,0,2,0.0,4,11,2
0,TheSench/SIMSpellstone,1,1,0,1.0,12,8,5
0,Adslot/adslot-ui,3,3,0,1.0,20,6,37
0,owncloud/contacts,1,1,0,1.0,75,48,29
0,olifolkerd/tabulator,1,1,0,1.0,5143,683,134
0,biud436/MV,2,0,2,0.0,55,49,11
0,remoteintech/remote-jobs,3,3,0,1.0,23674,2513,860
0,OHIF/Viewers,9,9,0,1.0,2207,2169,124
0,CANDY-LINE/candy-red,5,0,5,0.0,5,2,1
0,formio/formio,2,2,0,1.0,1659,612,87
0,o2team/o2team.github.io,1,1,0,1.0,310,79,34
0,pfitzpaddy/ngm-reportHub,1,0,1,0.0,2,15,5
0,mattermost/desktop,5,5,0,1.0,1748,707,106
0,digidem/mapeo-mobile,1,1,0,1.0,86,14,12
0,visgl/react-map-gl,1,1,0,1.0,6947,1265,2001
0,twreporter/twreporter-react,5,4,1,0.8,303,55,16
0,quasarframework/quasar,3,3,0,1.0,22707,3059,471
0,AMPATH/etl-rest-server,4,3,1,0.75,11,42,15
0,cibernox/ember-power-select,2,0,2,0.0,530,357,17
0,iTowns/itowns,2,2,0,1.0,807,245,64
0,single-spa/single-spa,3,2,1,0.6666666666666666,12026,857,171
0,First-Peoples-Cultural-Council/fv-web-ui,2,1,1,0.5,20,25,9
0,silverstripe/silverstripe-asset-admin,2,2,0,1.0,18,69,21
0,flow-typed/flow-typed,11,10,1,0.9090909090909091,3772,1398,62
0,camunda/camunda-modeler,5,0,5,0.0,1204,391,76
0,davidmintz/court-interpreters-office,2,2,0,1.0,5,2,3
0,sugarlabs/musicblocks,1,1,0,1.0,258,393,27
0,MetaMask/metamask-extension,5,5,0,1.0,9267,3630,469
0,salesforce-ux/design-system,5,0,5,0.0,3357,786,182
0,Viglino/ol-ext,7,0,7,0.0,982,414,68
0,mParticle/mparticle-web-sdk,4,0,4,0.0,18,35,24
0,jquense/react-big-calendar,10,1,4,0.2,6258,2037,83
0,kuzzleio/kuzzle,2,0,2,0.0,1263,119,46
0,facebook/relay,4,0,4,0.0,17540,1774,352
0,kuzzleio/sdk-javascript,2,0,2,0.0,40,18,18
0,guardian/facia-tool,12,11,0,1.0,24,7,72
0,redux-form/redux-form,14,8,6,0.5714285714285714,12614,1693,177
0,informatics-isi-edu/ermrestjs,2,1,1,0.5,4,3,15
0,ProjectSidewalk/SidewalkWebpage,3,1,2,0.3333333333333333,64,22,15
0,prebid/Prebid.js,1,0,1,0.0,1143,1763,214
0,reduxjs/react-redux,3,2,1,0.6666666666666666,22567,3313,424
0,Opentrons/opentrons,1,0,1,0.0,317,151,39
0,FormidableLabs/spectacle,3,3,0,1.0,9407,728,154
0,trufflesuite/truffle,2,2,0,1.0,13735,2290,346
0,aquasecurity/cloudsploit,1,1,0,1.0,2454,572,69
0,naptha/tesseract.js,7,7,0,1.0,29281,1962,484
0,ssbc/patchwork,5,5,0,1.0,3574,378,122
0,mesosphere/reactjs-components,7,0,5,0.0,136,20,131
0,processing/p5.js-website,2,2,0,1.0,207,383,52
0,entrylabs/entryjs,3,0,3,0.0,101,367,19
0,ngageoint/hootenanny-ui,4,3,1,0.75,29,7,42
0,catarse/catarse.js,2,0,2,0.0,29,28,9
0,matrix-org/matrix-react-sdk,2,2,0,1.0,895,675,52
0,bids-standard/bids-validator,5,4,1,0.8,145,98,13
0,hyperledger/burrow,3,3,0,1.0,1031,357,83
0,rtfeldman/node-test-runner,2,0,2,0.0,132,79,12
0,nasa/openmct,3,0,3,0.0,10662,1171,278
0,Tencent/omi,7,7,0,1.0,12503,1252,347
0,wfp/ui,32,8,23,0.25806451612903225,197,98,16
0,baukh789/GridManager,2,0,2,0.0,780,134,31
0,RocketChat/Rocket.Chat,5,5,0,1.0,34563,7975,900
0,tradle/tim,1,0,0,0,20,11,5
0,ow2-proactive/studio,1,0,0,0,9,44,20
0,rollup/rollup,2,2,0,1.0,22849,1268,259
0,UDA-EJIE/udaRUP,3,0,3,0.0,13,10,16
0,FreeFeed/freefeed-server,2,1,1,0.5,41,18,12
0,particle-iot/docs,3,1,2,0.3333333333333333,142,282,62
0,Vincit/objection.js,7,6,1,0.8571428571428571,6896,649,80
0,LedgerHQ/ledgerjs,4,2,2,0.5,569,406,72
0,codefresh-io/cli,1,0,1,0.0,70,38,17
0,stellar/js-stellar-sdk,6,6,0,1.0,568,288,71
0,Caltech-IPAC/firefly,6,0,6,0.0,27,11,16
0,zestia/ember-twitter-entities,2,1,1,0.5,6,1,15
0,department-of-veterans-affairs/vets-website,14,13,1,0.9285714285714286,215,118,187
0,grommet/grommet,1,0,1,0.0,8117,994,126
0,TeamFleet/WhoCallsTheFleet,1,0,1,0.0,201,38,24
0,avwo/whistle,8,0,8,0.0,11668,960,200
0,CoderDojo/cp-zen-platform,7,0,1,0.0,21,62,22
0,AdguardTeam/AdguardBrowserExtension,5,0,5,0.0,2000,260,128
0,aurelia/cli,3,3,0,1.0,406,142,46
0,matrix-org/matrix-js-sdk,1,1,0,1.0,1180,506,57
0,ChromeDevTools/debugger-protocol-viewer,4,1,3,0.25,842,193,52
0,trezor/connect,2,2,0,1.0,349,298,38
0,ONSdigital/florence,5,0,5,0.0,5,4,34
0,CagetteNet/cagette,11,0,11,0.0,125,28,16
0,thoughtworks/tramchester,1,0,1,0.0,18,4,12
0,inventaire/inventaire,9,0,9,0.0,364,23,23
0,streamr-dev/streamr-client-javascript,4,3,1,0.75,35,9,15
0,CometVisu/CometVisu,5,5,0,1.0,60,82,19
0,ofrohn/d3-celestial,1,1,0,1.0,520,155,27
0,bookbrainz/bookbrainz-site,4,4,0,1.0,116,145,13
0,Flexberry/ember-flexberry,3,3,0,1.0,12,23,14
0,rancher/ui,1,1,0,1.0,556,508,45
0,irislib/iris-lib,4,0,1,0.0,125,25,14
0,aurelia/framework,4,0,1,0.0,11748,678,413
0,react-materialize/react-materialize,4,4,0,1.0,1389,317,40
0,rapidpro/rapidpro,5,0,5,0.0,798,376,66
0,congrea/virtualclass,3,0,3,0.0,53,47,19
0,odf/webGavrog,1,1,0,1.0,7,1,3
0,shadowsocks/shadowsocks-manager,2,0,2,0.0,4090,1586,194
0,thabz/Kalliope,3,0,1,0.0,2,5,1
0,alan-wu/ZincJS,1,1,0,1.0,2,10,3
0,babel/website,4,4,0,1.0,703,1252,41
0,cla-assistant/cla-assistant,6,6,0,1.0,1085,288,21
0,mermaid-js/mermaid,10,10,0,1.0,53037,4109,603
0,lhncbc/lforms,2,0,2,0.0,72,38,22
0,StraboSpot/strabo-mobile,9,0,9,0.0,14,6,11
0,netlify/cli,7,5,2,0.7142857142857143,1382,314,49
0,leancloud/docs,6,6,0,1.0,603,253,49
0,date-fns/date-fns,67,0,67,0.0,30707,1584,207
0,ChainSafe/web3.js,9,9,0,1.0,16775,4360,443
0,Kloudless/file-picker,18,3,8,0.2727272727272727,217,53,19
0,openstax/tutor-js,2,2,0,1.0,13,6,21
0,noobaa/noobaa-core,4,0,4,0.0,217,67,17
0,joyent/sdcadm,2,0,2,0.0,13,19,41
0,joyent/sdc-manta,1,0,1,0.0,6,13,42
0,JedWatson/react-select,10,8,2,0.8,25656,3986,231
0,griffithlab/civic-client,6,0,6,0.0,49,28,26
0,aredotna/ervell,34,32,2,0.9411764705882353,148,27,16
0,kenrick95/twinkle,3,3,0,1.0,4,6,6
0,gaearon/react-hot-loader,21,10,2,0.8333333333333334,12233,839,174
0,SVG-Edit/svgedit,2,1,1,0.5,5391,1376,218
0,ONRR/doi-extractives-data,1,0,1,0.0,78,42,27
0,ctrlo/GADS,2,1,1,0.5,4,5,5
0,linagora/openpaas-esn,2,0,2,0.0,452,146,72
0,epochtalk/epochtalk,9,9,0,1.0,130,31,20
0,binary-com/binary-static,4,2,2,0.5,26,234,21
0,Hacker0x01/react-datepicker,13,12,1,0.9230769230769231,7014,2049,80
0,lamassu/lamassu-machine,2,0,2,0.0,93,128,17
0,ezpaarse-project/ezpaarse-platforms,6,0,1,0.0,9,21,25
0,isaacphysics/isaac-app,4,0,4,0.0,6,1,46
0,inventaire/inventaire-client,3,0,3,0.0,44,13,7
0,eclipsesource/tabris-js,3,0,3,0.0,1367,176,68
0,playcanvas/engine,1,0,1,0.0,8041,1230,323
0,codevise/pageflow,9,0,9,0.0,667,121,33
0,swagger-api/swagger-editor,2,2,0,1.0,7979,2116,261
0,brownplt/code.pyret.org,3,2,1,0.6666666666666666,22,44,17
0,avalanche-canada/ac-web,3,3,0,1.0,29,28,15
0,cornerstonejs/cornerstoneTools,2,2,0,1.0,533,428,54
0,NorthwoodsSoftware/GoJS,6,5,1,0.8333333333333334,6628,2804,289
0,jwplayer/jwplayer,1,1,0,1.0,2400,963,182
0,oskariorg/oskari-docs,7,7,0,1.0,8,18,16
0,adsabs/bumblebee,1,0,1,0.0,36,21,18
0,mWater/mwater-forms,8,0,8,0.0,2,5,8
0,RunestoneInteractive/RunestoneComponents,1,1,0,1.0,100,210,10
0,cure53/DOMPurify,11,11,0,1.0,10263,636,141
0,overleaf/web,4,0,4,0.0,338,170,43
0,overleaf/document-updater,7,6,1,0.8571428571428571,16,20,25
0,openaddresses/openaddresses,1,1,0,1.0,2512,862,191
0,wikimedia/mediawiki-extensions-Popups,4,0,4,0.0,42,16,17
0,LearningLocker/learninglocker,7,5,1,0.8333333333333334,504,242,71
0,nrenner/brouter-web,3,3,0,1.0,279,53,25
0,dondi/GRNsight,4,0,4,0.0,15,8,6
0,OpenKnowledgeMaps/Headstart,11,0,11,0.0,166,35,21
0,tidepool-org/blip,10,2,8,0.2,102,50,34
0,eslint/website,1,0,1,0.0,95,280,18
0,vuejs/vuejs.org,5,5,0,1.0,5087,3575,195
0,CalderaWP/Caldera-Forms,4,0,4,0.0,178,162,18
0,SortableJS/Sortable,3,1,2,0.3333333333333333,26163,3569,412
0,bitpay/bitcore,1,0,1,0.0,4477,2101,274
0,jitsi/jitsi-meet,10,2,8,0.2,19112,5997,509
0,paulrosen/abcjs,1,1,0,1.0,1494,231,58
0,devinit/D-Portal,1,0,1,0.0,30,23,12
0,vuejs/vue-router,1,1,0,1.0,18924,5172,528
0,SAP/openui5,1,0,1,0.0,2697,1203,281
0,cleanflight/cleanflight-configurator,1,0,1,0.0,329,255,80
0,DanmarksAdresser/Dawa,3,0,3,0.0,55,9,9
0,jhipster/jhipster.github.io,5,4,0,1.0,335,525,53
0,wikimedia/oojs-ui,1,0,1,0.0,50,26,12
0,OpenUserJS/OpenUserJS.org,1,0,1,0.0,718,294,83
0,cockpit-project/cockpit,2,1,1,0.5,7831,912,191
0,jhipster/generator-jhipster,2,1,1,0.5,20251,3915,742
0,bbc/peaks.js,1,1,0,1.0,2733,264,74
0,brion/ogv.js,4,0,3,0.0,1095,97,43
0,ionic-team/ionic-site,4,1,3,0.25,450,3294,60
0,riot/riot,1,1,0,1.0,14746,1020,399
0,node-red/node-red-nodes,3,0,3,0.0,855,570,66
0,enketo/enketo-core,6,3,3,0.5,76,86,18
0,raineorshine/npm-check-updates,2,1,1,0.5,7850,313,60
0,violentmonkey/violentmonkey,1,1,0,1.0,3633,344,92
0,sitespeedio/browsertime,4,4,0,1.0,574,127,26
0,openglobus/openglobus,4,1,3,0.25,461,86,29
0,glennjones/hapi-swagger,2,0,2,0.0,899,430,27
0,vuejs/vue,11,7,2,0.7777777777777778,201816,33238,6052
0,ShieldBattery/ShieldBattery,5,0,5,0.0,101,19,16
0,sandialabs/slycat,1,0,1,0.0,71,19,10
0,OptimalBits/bull,5,5,0,1.0,13558,1417,115
0,satorumurmur/bibi,1,1,0,1.0,733,114,36
0,toggl/toggl-button,3,3,0,1.0,1039,570,37
0,opengaming/osgameclones,4,4,0,1.0,1416,290,61
0,facebook/react,14,9,5,0.6428571428571429,200562,41617,6646
0,chartjs/Chart.js,1,1,0,1.0,59481,11734,1377
0,mapbox/mapbox-gl-js,1,1,0,1.0,9470,2052,342
0,processing/p5.js,8,8,0,1.0,18726,2789,500
0,mbloch/mapshaper,2,0,2,0.0,3190,483,127
0,twilio/twilio-node,2,2,0,1.0,1224,457,86
0,pombase/canto,3,2,1,0.6666666666666666,18,7,9
0,mar10/fancytree,2,1,1,0.5,2625,593,141
0,11ways/hawkejs,1,0,1,0.0,4,1,4
0,peter-murray/node-hue-api,1,0,1,0.0,1148,141,38
0,rollbar/rollbar.js,5,3,2,0.6,531,228,38
0,zotero/web-library,2,0,2,0.0,111,32,8
0,ckeditor/ckeditor4-docs,1,0,1,0.0,55,146,21
0,ably/ably-js,1,1,0,1.0,208,42,34
0,2600hz/monster-ui,1,0,1,0.0,63,104,44
0,VulcanJS/Vulcan,2,2,0,1.0,8022,1967,260
0,oskariorg/oskari-frontend,2,1,1,0.5,44,70,16
0,wikimedia/jquery.uls,1,1,0,1.0,71,67,24
0,PrismJS/prism,1,1,0,1.0,10937,1262,113
0,arkime/arkime,2,2,0,1.0,5431,1003,357
0,insideout10/wordlift-plugin,3,3,0,1.0,85,40,21
0,sendgrid/docs,8,2,6,0.25,236,1009,140
0,Pelican-Elegant/elegant,2,1,1,0.5,274,184,15
0,compiler-explorer/compiler-explorer,4,3,1,0.75,12377,1399,234
0,scalableminds/webknossos,9,9,0,1.0,94,15,14
0,GPII/windows,1,0,1,0.0,23,39,14
0,firefox-devtools/profiler,8,7,1,0.875,807,319,26
0,itteco/iframely,5,3,2,0.6,1337,273,51
0,thomaspark/bootswatch,4,3,1,0.75,13965,3664,490
0,atom/atom,14,13,1,0.9285714285714286,59028,18254,2624
0,twigjs/twig.js,6,5,1,0.8333333333333334,1797,271,55
0,jpalardy/home,2,1,1,0.5,2,1,1
0,stripe/stripe-node,4,4,0,1.0,3210,651,81
0,CartoDB/Windshaft-cartodb,2,0,2,0.0,73,67,95
0,recurly/recurly-js,1,1,0,1.0,652,139,95
0,Patternslib/Patterns,1,1,0,1.0,102,45,23
0,spencermountain/compromise,9,1,8,0.1111111111111111,10487,663,166
0,CartoDB/CartoDB-SQL-API,6,2,4,0.3333333333333333,60,74,98
0,mozilla/pdf.js,5,5,0,1.0,41126,9179,1113
0,wikimedia-gadgets/twinkle,3,3,0,1.0,117,121,23
0,brianc/node-postgres,1,1,0,1.0,10899,1140,184
0,RobinHerbots/Inputmask,4,0,4,0.0,6045,2248,188
0,Automattic/mongoose,1,0,1,0.0,25203,3647,495
0,mrdoob/three.js,2,1,1,0.5,88217,33715,2549
0,qooxdoo/qooxdoo,1,1,0,1.0,752,254,77
0,log4js-node/log4js-node,5,5,0,1.0,5550,783,115
0,Modernizr/Modernizr,3,1,2,0.3333333333333333,25392,3045,919
0,clientIO/joint,3,3,0,1.0,3759,820,154
0,ai/sitnik.ru,2,2,0,1.0,53,7,3
0,GMOD/jbrowse,8,2,6,0.25,436,196,53
