repository,start_commits_total,end_commits_total,total_authors,package.json,mocha,jest,jasmine,karma,puppeteer,nightwatch,cypress,playwright,selenium-webdriver,github_actions,circleci,travisci,appveyor,jenkins,gitlab,azure,size,age
b2wads/grimorio-ui,401,1028,26,1,0,1,0,0,0,0,0,0,0,-1,-1,-1,-1,-1,-1,-1,36.89,1069
idena-network/idena-desktop,132,813,36,1,0,0,0,0,0,0,0,0,0,-1,-1,-1,-1,-1,-1,-1,30.17,847
rand256/valetudo,210,711,79,1,0,0,0,0,0,0,0,0,0,-1,-1,0,-1,-1,-1,-1,7.33,1054
vpython/glowscript,936,1356,15,1,0,0,0,0,0,0,0,0,0,-1,-1,-1,-1,-1,-1,-1,96.39,2357
hive-engine/nitrous,4013,5962,146,1,0,1,0,0,0,0,0,0,0,-1,-1,-1,-1,-1,-1,-1,77.71,1768
grommet/grommet-designer,109,860,9,1,0,0,0,0,0,0,0,0,0,-1,-1,-1,-1,-1,-1,-1,5.76,746
airswap/AirSwap.js,103,1198,12,1,0,1,0,0,0,0,0,0,0,-1,6,-1,-1,-1,-1,-1,3.26,748
wordproof/wordproof-timestamp,103,963,8,0,0,0,0,0,0,0,0,0,0,-1,-1,-1,-1,-1,-1,-1,5.51,749
JuanIrache/gopro-telemetry,212,1005,4,1,0,1,0,0,0,0,0,0,0,-1,-1,-1,-1,-1,-1,-1,1.32,749
linode/developers,161,1525,42,1,0,0,0,0,0,0,0,0,0,-1,-1,-1,-1,-1,-1,-1,282.44,1063
mobxjs/mst-gql,111,587,44,1,0,1,0,0,0,0,0,0,0,-1,0,-1,-1,-1,-1,-1,6.28,756
poanetwork/tokenbridge,126,469,15,1,1,0,0,0,0,0,0,0,0,-1,-1,-1,-1,-1,-1,-1,19.6,756
binary-com/deriv-app,566,17383,117,1,0,0,0,0,0,0,0,0,0,-1,-1,26,-1,-1,-1,-1,1935.36,698
RedHatInsights/frontend-components,799,3680,69,1,0,1,0,0,0,0,0,0,0,-1,-1,5,-1,-1,-1,-1,32.46,1098
rage/concepts,153,2508,5,1,0,0,0,0,0,0,0,0,0,-1,-1,-1,-1,-1,-1,-1,33.47,756
replicatedhq/kotsadm,175,3455,21,0,0,0,0,0,0,0,0,0,0,-1,-1,-1,-1,-1,-1,-1,90.24,760
gab-ai-inc/defiant-browser,1276,3121,73,1,0,0,0,0,0,0,0,0,0,-1,-1,-1,-1,146,-1,-1,2.95,1664
voluntarily/vly2,541,5953,149,1,0,0,0,0,0,0,0,0,0,-1,-1,-1,-1,-1,-1,-1,56.84,765
HumanRightsMeasurementInitiative/hrmi-dataportal,246,4862,11,1,0,0,0,0,0,0,0,0,0,-1,-1,0,0,-1,-1,-1,18.67,767
Terralego/terra-front,713,1616,27,1,0,0,0,0,0,0,0,0,0,-1,-1,-1,-1,-1,12,-1,6.02,938
yafp/ttth,170,622,2,1,0,0,0,0,0,0,0,0,0,-1,-1,-1,-1,-1,-1,-1,12.42,769
DeyLak/redux-restify,212,331,8,1,0,0,0,1,0,0,0,0,0,-1,-1,-1,-1,-1,-1,-1,2.03,1362
biuuu/ShinyColors,123,398,7,1,0,0,0,0,0,0,0,0,0,-1,-1,-1,-1,-1,-1,-1,66.98,770
aws-amplify/community,370,1076,90,1,0,1,0,0,0,0,1,0,0,-1,-1,-1,-1,-1,-1,-1,294.4,775
casual-simulation/casualos,2148,7911,15,1,0,1,0,0,0,0,0,0,0,-1,-1,-1,-1,68,-1,-1,66.01,929
carbon-design-system/gatsby-theme-carbon,400,1419,50,1,0,0,0,0,0,0,0,0,0,-1,-1,-1,-1,-1,-1,-1,81.34,782
ministryofjustice/hmpps-book-secure-move-frontend,132,4364,20,1,1,0,0,0,0,0,0,0,0,-1,74,-1,-1,-1,-1,-1,192.75,781
offen/offen,25,2218,10,0,0,0,0,0,0,0,0,0,0,-1,156,-1,-1,-1,-1,-1,12.49,782
w3f/polkadot-deployer,358,1437,13,1,1,0,0,0,0,0,0,0,0,-1,6,-1,-1,-1,-1,-1,212.82,782
LIu-FengMing/codegame-,488,790,9,1,0,0,0,0,0,0,0,0,0,-1,-1,-1,-1,-1,-1,-1,314.82,783
zebrunner/reporting-ui,357,1715,23,1,0,0,0,0,0,0,0,0,0,-1,-1,-1,-1,-1,-1,-1,8.28,784
dekdevy/hordes-loc,2946,5325,91,1,0,0,0,0,0,0,0,0,0,-1,-1,0,-1,-1,-1,-1,8.79,785
accordproject/cicero-ui,140,806,47,1,0,1,0,0,0,0,0,0,0,-1,-1,0,-1,-1,-1,-1,4.36,788
SofthouseVxo/Education,128,547,11,0,0,0,0,0,0,0,0,0,0,-1,-1,-1,-1,-1,-1,-1,68.03,788
spring-io/dataflow.spring.io,180,498,31,1,0,0,0,0,0,0,0,0,0,-1,-1,-1,-1,-1,-1,-1,74.38,784
glin/reactable,166,803,5,1,0,1,0,0,0,0,0,0,0,-1,-1,-1,-1,-1,-1,-1,31.46,792
hktrpg/TG.line.Discord.Roll.Bot,537,2397,8,1,0,0,0,0,0,0,0,0,0,-1,-1,-1,-1,-1,-1,-1,323.04,1643
wanbo-chain/h2-elements,445,629,11,1,0,0,0,0,0,0,0,0,0,-1,-1,-1,-1,-1,-1,-1,1.59,2103
react-native-tvos/react-native-tvos,16984,22648,2825,1,0,0,0,0,0,0,0,0,0,-1,58,-1,-1,-1,-1,-1,302.63,2314
rainbow-me/rainbow,1293,5540,30,1,0,1,0,0,0,0,0,0,0,-1,-1,-1,-1,-1,-1,-1,188.45,1164
the-labo/the,315,1376,7,1,0,0,0,0,0,0,0,0,0,-1,-1,0,-1,-1,-1,-1,-1.0,-1
LeedsJS/website,115,211,5,1,0,0,0,0,0,0,0,0,0,-1,-1,-1,-1,-1,-1,-1,11.16,808
brainstormforce/ultimate-addons-for-gutenberg,2428,5416,34,1,0,0,0,0,0,0,0,0,0,-1,-1,-1,-1,-1,-1,-1,1157.12,1234
Samsung/TAU,95,1052,22,1,0,0,0,1,0,0,0,0,0,-1,-1,2,-1,-1,-1,-1,154.26,817
typpo/quickchart,129,422,6,1,0,0,0,0,0,0,0,0,0,-1,-1,-1,-1,-1,-1,-1,1.48,819
steedos/steedos-platform,825,8452,32,1,0,0,0,0,0,0,0,0,0,-1,-1,-1,-1,-1,-1,-1,1792.0,333
Yoast/javascript,10647,14805,111,1,0,0,0,0,0,0,0,0,0,-1,-1,6,-1,-1,-1,-1,76.32,2261
jsxcad/JSxCAD,607,2999,7,1,0,0,0,0,0,0,0,0,0,-1,-1,9,-1,-1,-1,-1,817.17,819
bcye/Hello-Goodbye,163,314,21,0,0,0,0,0,0,0,0,0,0,-1,-1,-1,-1,-1,-1,-1,45.63,822
codypearce/material-bread,582,1148,18,1,0,1,0,0,0,0,0,0,0,-1,-1,3,-1,-1,-1,-1,21.94,862
zilpay/zil-pay,309,1771,7,1,0,0,0,0,0,0,0,0,0,-1,-1,-1,-1,-1,-1,-1,34.16,825
uc-cdis/guppy,210,340,18,1,0,1,0,0,0,0,0,0,0,-1,-1,-1,-1,-1,-1,-1,7.35,825
reactjs/gu.reactjs.org,4407,5056,1516,1,0,0,0,0,0,0,0,0,0,-1,1,-1,-1,-1,-1,-1,124.54,2924
viz-centric/flair-bi,441,2375,26,1,0,0,0,1,0,0,0,0,0,-1,-1,-1,-1,-1,-1,0,105.48,828
viz-centric/flair-notifications,103,1113,20,1,1,0,0,0,0,0,0,0,0,-1,-1,-1,-1,-1,-1,4,1.57,828
theDavidBarton/puppeteer-daily-menu-scraper,133,282,2,1,0,1,0,0,0,0,0,0,0,-1,-1,-1,-1,-1,-1,-1,1.12,827
drzzle-app/picazzo,123,370,4,1,1,0,0,1,0,0,0,0,0,-1,-1,1,-1,-1,-1,-1,14.22,1133
react-native-community/rn-diff-purge,534,666,8,1,0,0,0,0,0,0,0,0,0,-1,-1,-1,-1,-1,-1,-1,683.84,825
AdguardTeam/Scriptlets,232,981,13,1,0,0,0,0,0,0,0,0,0,-1,-1,-1,-1,-1,-1,-1,10.83,885
RedHatInsights/tower-analytics-frontend,102,1179,24,1,0,1,0,0,0,0,0,0,0,-1,-1,7,-1,-1,-1,-1,19.87,1106
City-of-Helsinki/servicemap-ui,470,2434,14,1,0,1,0,0,0,0,0,0,0,-1,-1,-1,-1,-1,-1,-1,24.89,832
team-friendo/signalboost,365,2534,19,1,1,0,0,0,0,0,0,0,0,-1,-1,-1,-1,-1,-1,-1,22.58,978
den19980107/nkust-online-study,557,756,8,1,0,0,0,0,0,0,0,0,0,-1,-1,-1,-1,-1,-1,-1,304.42,837
goabstract/Awesome-Design-Tools,955,1649,245,1,0,0,0,0,0,0,0,0,0,-1,-1,-1,-1,-1,-1,-1,18.89,839
GetStream/stream-chat-react,137,3356,34,1,0,0,0,0,0,0,0,0,0,-1,-1,-1,-1,-1,-1,-1,169.63,783
valueflows/vf-graphql,167,447,5,1,0,0,0,0,0,0,0,0,0,-1,-1,-1,-1,-1,-1,-1,0.87,840
kiwiirc/kiwibnc,147,519,7,1,0,0,0,0,0,0,0,0,0,-1,-1,-1,-1,-1,-1,-1,0.98,884
OvidijusParsiunas/myvision,166,1445,4,1,0,0,0,0,0,0,0,0,0,-1,-1,-1,-1,-1,-1,-1,60.02,842
blobfysh/Lootcord,117,975,2,1,0,0,0,0,0,0,0,0,0,-1,-1,-1,-1,-1,-1,-1,4.49,842
reactjs/reactjs.org-translation,352,416,105,1,0,0,0,0,0,0,0,0,0,-1,-1,-1,-1,-1,-1,-1,1.18,1352
Coding-Coach/find-a-mentor,493,789,347,1,0,0,0,0,0,0,1,0,0,-1,-1,13,-1,-1,-1,-1,6.41,847
internetarchive/iaux,267,645,25,1,0,0,0,0,0,0,0,0,0,-1,-1,-1,-1,-1,-1,-1,34.65,945
halfnelson/svelte-native,196,456,26,1,0,0,0,0,0,0,0,0,0,-1,-1,-1,-1,-1,-1,-1,8.54,850
politics-rewired/Spoke,3519,5283,55,1,0,1,0,0,0,0,0,0,1,-1,-1,0,-1,-1,-1,-1,20.79,1870
googleads/publisher-ads-lighthouse-plugin,154,329,16,1,1,0,0,0,0,0,0,0,0,-1,-1,4,-1,-1,-1,-1,2.08,1110
SAP/ui5-webcomponents,384,1976,66,1,0,0,0,0,0,0,0,0,0,-1,-1,7,-1,-1,-1,-1,3543.04,840
algenty/grafana-flowcharting,252,1006,9,1,0,1,0,0,0,0,0,0,0,-1,-1,-1,-1,-1,-1,-1,234.11,858
ventureum/Chainsfr,423,1456,9,1,0,0,0,0,0,0,0,0,0,-1,-1,14,-1,-1,-1,-1,7.91,858
athomasoriginal/blog,105,415,6,1,0,0,0,0,0,0,0,0,0,-1,-1,-1,-1,-1,-1,-1,4.99,863
didi/chameleon,431,1119,19,1,1,0,0,0,0,0,0,0,0,-1,-1,0,-1,-1,-1,-1,129.71,864
RecallGraph/RecallGraph,174,605,4,1,0,0,0,0,0,0,0,0,0,-1,-1,69,-1,-1,-1,-1,3.88,891
beaverbuilder/assistant,1069,3412,6,1,0,1,0,0,0,0,0,0,0,-1,-1,0,-1,-1,-1,-1,17.81,868
GoodDollar/GoodServer,341,1608,25,1,0,0,0,0,0,0,0,0,0,-1,-1,18,-1,-1,-1,-1,72.77,867
protectwise/troika,504,1025,9,1,0,1,0,0,0,0,0,0,0,-1,-1,-1,-1,-1,-1,-1,14.31,1723
istreamlabs/pebble,264,582,14,1,0,0,0,0,0,0,0,0,0,-1,-1,-1,-1,-1,-1,-1,3.44,867
TaleLin/lin-ui,192,936,26,1,0,0,0,0,0,0,0,0,0,-1,-1,-1,-1,-1,-1,-1,4.29,874
catho/quantum,1773,2208,35,1,0,1,0,0,0,0,0,0,0,-1,-1,-1,-1,-1,-1,-1,48.33,1173
sillvva/rpg-schedule,341,1167,9,1,0,0,0,0,0,0,0,0,0,-1,-1,-1,-1,-1,-1,-1,7.67,874
ArcBlock/forge-js,655,1304,9,1,0,0,0,0,0,0,0,0,0,-1,-1,5,-1,-1,-1,-1,12.86,874
StraboSpot/StraboSpot-Mobile,275,2353,8,1,0,1,0,0,0,0,0,0,0,-1,-1,-1,-1,-1,-1,-1,148.47,875
liferay/liferay-npm-tools,260,1287,12,1,0,0,0,0,0,0,0,0,0,-1,-1,5,-1,-1,-1,-1,7.36,1368
vulturno/vulturno,179,333,3,1,0,0,0,0,0,0,0,0,0,-1,-1,-1,-1,-1,-1,-1,57.72,887
wubaiqing/zaobao,299,1055,10,1,0,1,0,0,0,0,0,0,0,-1,-1,1,-1,-1,-1,-1,8.05,888
sanusart/react-dropdown-select,218,353,13,1,0,1,0,0,0,0,0,0,0,-1,-1,0,-1,-1,-1,-1,47.55,888
F5Networks/f5-declarative-onboarding,626,1953,28,1,1,0,0,0,0,0,0,0,0,-1,-1,-1,-1,-1,88,-1,58.93,994
ronggang/PT-Plugin-Plus,540,1389,32,1,0,0,0,0,0,0,0,0,0,-1,-1,-1,-1,-1,-1,-1,7.09,897
carbon-design-system/carbon-addons-iot-react,685,7772,58,1,0,0,0,0,0,0,0,0,0,-1,-1,-1,-1,-1,-1,-1,189.86,901
nib-edit/Nib,110,459,8,1,0,0,0,0,0,0,0,0,0,-1,-1,-1,-1,-1,-1,-1,5.9,897
rob-balfre/svelte-select,195,526,30,1,0,0,0,0,1,0,0,0,0,-1,-1,-1,-1,-1,-1,-1,2.39,901
cruise-automation/webviz,149,372,24,1,0,1,0,0,0,0,0,0,0,-1,6,-1,-1,-1,-1,-1,417.6,903
unchainedshop/unchained,619,2462,11,1,0,1,0,0,0,0,0,0,0,-1,-1,-1,-1,-1,-1,-1,53.99,1113
santiment/app,1655,10229,25,1,0,0,0,0,1,0,0,0,1,-1,-1,-1,-1,1,-1,-1,51.5,906
SPLA/VARIAMOS-WEB,167,480,27,1,0,0,0,0,0,0,0,0,0,-1,-1,0,-1,-1,-1,-1,7.86,907
OpenZeppelin/openzeppelin-test-helpers,120,236,26,1,0,0,0,0,0,0,0,0,0,-1,-1,3,-1,-1,-1,-1,1.39,913
DDDEastMidlandsLimited/dddem-web,119,475,26,1,0,0,0,0,0,0,0,0,0,-1,-1,-1,-1,-1,-1,-1,132.26,913
moneybutton/bsv,3636,8003,130,1,0,0,0,0,0,0,0,0,0,-1,-1,1,-1,-1,-1,-1,29.4,2888
makerdao/mcd-cdp-portal,406,2360,38,1,0,0,0,0,0,0,0,0,0,-1,-1,-1,-1,-1,-1,-1,12.02,901
kartverket/Geonorge.Kartkatalog.React,432,845,8,1,0,0,0,0,0,0,0,0,0,-1,-1,0,-1,-1,-1,-1,7.42,916
cylc/cylc-ui,238,1666,19,1,0,0,0,0,0,0,0,0,0,-1,-1,-1,-1,-1,-1,-1,20.58,921
bufferapp/ui,597,1226,32,1,0,1,0,0,0,0,0,0,0,-1,-1,2,-1,-1,-1,-1,46.84,923
bigbluebutton/bbb-webrtc-sfu,474,1080,15,1,0,0,0,0,0,0,0,0,0,-1,-1,-1,-1,-1,-1,-1,3.43,1076
MaayanLab/signature-commons-ui,502,1363,6,1,0,1,0,0,0,0,0,0,0,-1,-1,-1,-1,-1,-1,-1,446.27,928
Tradeshift/elements,112,531,16,1,0,0,0,0,0,0,0,0,0,-1,-1,2,-1,0,-1,-1,10.03,928
daostack/migration,169,286,13,1,0,0,0,0,0,0,0,0,0,-1,-1,0,-1,-1,-1,-1,6.65,930
welldone-software/why-did-you-render,110,390,26,1,0,1,0,0,0,0,0,0,0,-1,-1,-1,-1,-1,-1,-1,5.46,933
brillout/wildcard-api,226,941,5,1,0,0,0,0,0,0,0,0,0,-1,-1,-1,-1,-1,-1,-1,4.12,936
storybookjs/frontpage,435,1067,53,1,0,0,0,0,0,0,0,0,0,-1,12,-1,-1,-1,-1,-1,69.5,936
poanetwork/posdao-contracts,294,554,12,1,0,0,0,0,0,0,0,0,0,-1,-1,-1,-1,-1,-1,-1,5.09,936
CyberCRI/learn-ext,491,1551,3,1,1,0,0,1,0,0,0,0,0,-1,-1,-1,-1,-1,-1,-1,17.35,936
lino-framework/react,181,566,7,1,0,0,0,0,0,0,1,0,0,-1,-1,5,-1,-1,-1,-1,25.68,938
katai5plate/RPGMV-CoreScript-Reference,218,777,9,1,0,0,0,0,0,0,0,0,0,-1,-1,-1,-1,-1,-1,-1,2.84,939
MikaelMayer/Editor,265,820,6,1,0,0,0,0,0,0,0,0,0,-1,-1,-1,-1,-1,-1,-1,3.13,940
smeup/ketchup,122,4413,36,1,0,0,0,0,0,0,0,0,0,-1,-1,-1,-1,-1,-1,-1,62.6,941
CalvinVon/dalao-proxy,118,361,6,1,0,0,0,0,0,0,0,0,0,-1,-1,-1,-1,-1,-1,-1,2.42,943
tecsinapse/ui-kit,586,1763,25,1,0,1,0,0,0,0,0,0,0,-1,-1,27,-1,-1,-1,-1,33.98,949
ovh/manager,1158,9445,89,1,0,0,0,0,0,0,0,0,0,-1,-1,-1,-1,-1,-1,-1,191.06,1442
Waiviogit/waivio,1068,8257,38,1,0,1,0,0,0,0,0,0,0,-1,1,-1,-1,-1,-1,-1,40.9,945
dwp/govuk-casa,245,490,20,1,1,0,0,0,0,0,0,0,0,-1,-1,2,-1,-1,27,-1,6.08,947
wu-yu-xuan/blog.mscorlib.top,142,328,3,1,0,0,0,0,0,0,0,0,0,-1,-1,-1,-1,-1,-1,-1,4.8,948
monero-ecosystem/monero-javascript,1306,2814,7,1,0,0,0,0,0,0,0,0,0,-1,-1,-1,-1,-1,-1,-1,113.47,949
carbon-design-system/carbon-components-vue,348,917,33,1,0,0,0,0,0,0,0,0,0,-1,0,-1,-1,-1,-1,-1,699.14,950
Laboralphy/o876-raycaster-engine,146,565,7,1,0,0,1,0,0,0,0,0,0,-1,-1,-1,-1,-1,-1,-1,51.27,950
MoTrPAC/motrpac-frontend,179,792,5,1,0,0,0,0,0,0,0,0,0,-1,3,-1,-1,-1,-1,-1,38.17,950
opentargets/platform-app,345,2094,14,1,0,0,0,0,0,0,0,0,0,-1,-1,-1,-1,-1,-1,-1,9.4,956
CatalysmsServerManager/7-days-to-die-server-manager,1909,2607,21,1,1,0,0,0,0,0,0,0,0,-1,-1,-1,-1,-1,-1,-1,51.59,1310
seatsio/seatsio-js,403,653,10,1,0,1,0,0,0,0,0,0,0,-1,-1,-1,-1,-1,-1,-1,1.98,958
IBM/openapi-validator,563,805,28,1,0,0,0,0,0,0,0,0,0,-1,-1,4,-1,-1,-1,-1,8.76,1437
TankerHQ/sdk-js,660,1676,30,1,0,0,0,0,0,0,0,0,0,-1,-1,-1,-1,-1,24,-1,9.58,964
lttb/reshadow,175,332,8,1,0,1,0,0,0,0,0,0,0,-1,-1,-1,-1,-1,-1,-1,2.22,971
medialab/website,1496,2518,19,1,0,0,0,0,0,0,0,0,0,-1,-1,-1,-1,-1,9,-1,103.07,986
mtgjson/mtgjson-website,196,508,11,1,0,0,0,0,0,0,0,0,0,-1,-1,-1,-1,-1,-1,-1,12.74,973
tailwindtoolbox/TailwindToolbox,188,452,8,1,0,0,0,0,0,0,0,0,0,-1,-1,-1,-1,-1,-1,-1,22.88,976
inaturalist/SeekReactNative,1156,4968,7,1,0,1,0,0,0,0,0,0,0,-1,-1,-1,-1,-1,-1,-1,213.99,977
Haehnchen/crypto-trading-bot,381,787,12,1,1,0,0,0,0,0,0,0,0,-1,-1,1,-1,-1,-1,-1,4.78,1052
twilio/twilio-cli,200,515,27,1,1,0,0,0,0,0,0,0,0,-1,-1,14,4,-1,-1,-1,6.39,986
testing-library/user-event,166,591,85,1,0,0,0,0,0,0,0,0,0,-1,-1,-1,-1,-1,-1,-1,2.68,984
EdgeApp/edge-currency-accountbased,509,1204,28,1,1,0,0,0,0,0,0,0,0,-1,-1,0,-1,-1,-1,-1,32.8,1558
fortinet/fortigate-autoscale,99,434,9,1,1,0,0,0,0,0,0,0,0,-1,-1,-1,-1,-1,-1,-1,7.68,1006
TarsCloud/TarsWeb,546,1029,42,1,0,0,0,0,0,0,0,0,0,-1,-1,-1,-1,-1,-1,-1,40.14,1140
streamr-dev/broker,396,1106,15,1,0,1,0,0,0,0,0,0,0,-1,-1,-1,-1,-1,-1,-1,3.65,2316
keyboardio/Chrysalis,650,1405,27,1,0,1,0,0,0,0,0,0,0,-1,-1,-1,-1,-1,-1,-1,25.58,993
lannonbr/vscode-issue-tracker,5690,21040,4,1,0,0,0,0,0,0,0,0,0,-1,-1,-1,-1,-1,-1,-1,198.13,994
maxjeffwell/full-stack-capstone-client,238,281,3,1,0,0,0,0,0,0,0,0,0,-1,-1,2,-1,-1,-1,-1,1.64,993
goabstract/abstract-sdk,401,597,23,1,0,1,0,0,0,0,0,0,0,-1,2,-1,-1,-1,-1,-1,8.76,992
visgl/loaders.gl,242,1237,57,1,0,0,0,0,0,0,0,0,0,-1,-1,-1,-1,-1,-1,-1,236.43,997
RebusFoundation/reader-api,292,509,5,1,0,0,0,0,0,0,0,0,0,-1,-1,4,-1,-1,-1,-1,4.9,997
EDM-Spot/OtterBot,1004,1492,4,1,0,0,0,0,0,0,0,0,0,-1,-1,-1,-1,-1,-1,-1,8.56,994
ucfopen/Obojobo,2482,5135,30,1,0,0,0,0,0,0,0,0,0,-1,-1,-1,-1,-1,-1,-1,33.31,2022
acl-services/paprika,347,5906,39,1,0,1,0,0,0,0,1,0,0,-1,-1,-1,-1,-1,-1,-1,24.19,1004
Neko250/rlspain,404,971,5,1,0,0,0,0,0,0,0,0,0,-1,-1,3,-1,-1,-1,-1,12.65,1006
nexxtway/react-rainbow,844,1770,50,1,0,1,0,0,0,0,0,0,0,-1,20,-1,-1,-1,-1,-1,29.11,1644
atomicojs/atomico,189,721,7,1,0,0,0,0,0,0,0,0,0,-1,-1,-1,-1,-1,-1,-1,3.16,843
vck3000/ProAvalon,1227,1614,28,1,0,0,0,0,0,0,0,0,0,-1,-1,-1,-1,-1,-1,-1,41.26,1225
totvs/ttalk-standard-message,3329,4834,180,1,1,0,0,0,0,0,0,0,0,-1,-1,12,-1,-1,-1,-1,14.62,1015
rabiran/karting,287,766,22,1,0,0,0,0,0,0,0,0,0,-1,-1,-1,-1,-1,-1,-1,5.3,1015
bchiang7/v4,181,415,6,1,0,0,0,0,0,0,0,0,0,-1,-1,-1,-1,-1,-1,-1,51.59,1020
integr8ly/tutorial-web-app,843,1023,45,1,0,1,0,0,0,0,0,0,0,-1,1,-1,-1,-1,-1,-1,23.66,1019
Kommunicate-io/Kommunicate-Web-SDK,1451,2769,38,1,0,0,0,0,0,0,0,0,0,-1,-1,-1,-1,-1,-1,-1,16.52,1321
integromat/vscode-apps-sdk,168,280,2,1,0,0,0,0,0,0,0,0,0,-1,-1,-1,-1,-1,-1,-1,2.63,1019
entrylabs/entry-tool,457,1369,31,1,0,0,0,0,0,0,0,0,0,-1,-1,0,-1,-1,-1,-1,28.63,1019
lane711/sonicjs,257,1625,5,1,0,0,0,0,0,0,0,0,0,-1,-1,-1,-1,-1,-1,-1,120.74,1020
mika-cn/maoxian-web-clipper,126,673,4,0,0,0,0,0,0,0,0,0,0,-1,-1,-1,-1,-1,-1,-1,3.22,1026
sencha/ext-react,672,1317,19,1,0,0,0,0,0,0,0,0,0,-1,-1,-1,-1,-1,-1,-1,70.19,1027
inc2734/snow-monkey-blocks,394,1125,15,1,0,0,0,0,0,0,0,0,0,-1,-1,-1,-1,-1,-1,-1,26.26,1027
optoolco/components,767,1468,14,1,0,0,0,0,0,0,0,0,0,-1,-1,-1,-1,-1,-1,-1,8.11,1037
sc-voice/sc-voice,664,1929,15,1,1,0,0,0,0,0,0,0,0,-1,-1,-1,-1,-1,-1,-1,21.91,1028
girder/girder_web_components,187,402,16,1,0,0,0,0,0,0,0,0,0,-1,5,-1,-1,-1,-1,-1,19.49,1032
pxblue/themes,119,787,19,1,0,0,0,0,0,0,0,0,0,-1,25,-1,-1,-1,-1,-1,2.25,1033
facebook/fbt,178,850,126,1,0,0,0,0,0,0,0,0,0,-1,-1,-1,-1,-1,-1,-1,14.57,952
gridsome/gridsome,694,1137,124,1,0,1,0,0,1,0,0,0,0,-1,1,-1,-1,-1,-1,-1,8.14,1034
peeranha/peeranha-web,107,660,12,1,0,1,0,0,0,0,0,0,0,-1,1,0,0,-1,-1,-1,23.96,1036
PDNMX/pdn,656,1439,11,1,0,0,0,0,0,0,0,0,0,-1,-1,-1,-1,-1,-1,-1,130.81,1035
sheinsight/shineout,1501,2643,39,1,0,1,0,0,0,0,0,0,0,-1,-1,-1,-1,-1,-1,-1,61.01,1235
laravel/nova-docs,414,841,83,1,0,0,0,0,0,0,0,0,0,-1,-1,-1,-1,-1,-1,-1,9.84,1037
kubesphere/docs.kubesphere.io,753,1682,44,1,0,1,0,0,0,0,0,0,0,-1,-1,21,-1,0,-1,-1,296.42,1040
Optum/mockiato,1367,1558,14,1,1,0,0,0,0,0,0,0,0,-1,-1,0,-1,-1,-1,-1,2.71,1041
razzius/weave,378,907,6,1,0,0,0,0,0,0,0,0,0,-1,-1,-1,-1,-1,-1,-1,8.63,1140
apexcharts/apexcharts.js,960,2193,121,1,0,1,0,0,1,0,0,0,0,-1,-1,0,-1,-1,-1,-1,56.72,1042
asyncapi/generator,173,720,54,1,0,0,0,0,0,0,0,0,0,-1,-1,-1,-1,-1,-1,-1,5.1,1042
tillhub/schemas,727,2403,32,1,0,0,0,0,0,0,0,0,0,-1,0,-1,-1,-1,-1,-1,12.11,1043
tobeyadr/Groundhogg,721,1787,8,1,0,0,0,0,0,0,0,0,0,-1,-1,-1,-1,-1,-1,-1,67.5,1044
maidsafe/safenetwork.tech,248,366,21,1,0,0,0,0,0,0,0,0,0,-1,-1,-1,-1,-1,-1,-1,138.08,1046
ifyour/github-trending-archive,335,1112,4,1,0,0,0,0,0,0,0,0,0,-1,-1,0,-1,-1,-1,-1,3.61,1046
goodrain/rainbond-ui,594,2455,19,1,0,0,0,0,0,0,0,0,0,-1,-1,-1,0,-1,-1,-1,33.5,1047
tech-conferences/conference-data,1717,5373,101,1,0,0,0,0,0,0,0,0,0,-1,-1,-1,-1,-1,-1,-1,13.02,1050
liquality/liquality-swap,349,808,11,1,0,0,0,0,0,0,0,0,0,-1,-1,18,-1,-1,-1,-1,8.78,1050
ecency/ecency-mobile,4763,25554,21,1,0,1,0,0,0,0,0,0,0,-1,-1,-1,-1,-1,-1,-1,164.49,1053
dcloudio/uni-app,669,8420,189,1,0,0,0,0,0,0,0,0,0,-1,-1,-1,-1,-1,-1,-1,1955.84,355
Tsuk1ko/cq-picsearcher-bot,181,535,5,1,0,0,0,0,0,0,0,0,0,-1,-1,-1,-1,-1,-1,-1,29.47,1055
shockpkg/packages,114,292,1,1,0,0,1,0,0,0,0,0,0,-1,-1,-1,-1,-1,-1,-1,4.12,1057
common-voice/sentence-collector,319,1002,31,1,0,0,0,0,0,0,0,0,0,-1,-1,-1,-1,-1,-1,-1,16.81,1058
eggheadio/how-to-egghead,197,398,36,1,0,0,0,0,0,0,0,0,0,-1,-1,-1,-1,-1,-1,-1,49.05,1062
corestate55/netoviz,264,476,3,1,0,0,0,0,0,0,0,0,0,-1,-1,-1,-1,-1,-1,-1,17.24,1062
SAP/luigi,303,1120,48,1,0,0,0,0,0,0,0,0,0,-1,-1,51,-1,-1,-1,-1,80.23,1036
kyma-project/console,419,1075,61,1,0,0,0,0,0,0,0,0,0,-1,-1,-1,-1,-1,-1,-1,34.92,1042
digipolisantwerp/acpaas-ui_react,459,1022,27,1,0,1,0,0,0,0,0,0,0,-1,-1,-1,-1,-1,-1,-1,18.0,1147
tracking-exposed/yttrex,124,611,13,0,0,0,0,0,0,0,0,0,0,-1,-1,-1,-1,-1,-1,-1,915.74,1065
accessibilitysupported/a11ysupport.io,367,929,12,1,1,0,0,0,0,0,0,0,0,-1,-1,0,-1,-1,-1,-1,2.57,1065
RedHatInsights/vulnerability-ui,617,2006,28,1,0,1,0,0,0,0,0,0,0,-1,-1,6,-1,-1,-1,-1,78.0,1106
dashevo/wallet-lib,106,295,19,1,1,0,0,0,0,0,0,0,0,-1,-1,-1,-1,-1,-1,-1,5.77,1070
Integreat/integreat-react-native-app,949,3961,24,1,0,1,0,0,0,0,0,0,0,-1,-1,-1,-1,-1,-1,-1,38.36,1072
makerdao/governance-portal,879,1331,22,1,0,0,0,0,0,0,0,0,0,-1,-1,-1,-1,-1,-1,-1,5.24,1075
ninjadotorg/handshake-i18n,13940,38721,5,1,0,0,0,0,0,0,0,0,0,-1,-1,0,-1,-1,-1,-1,20.92,1074
magento/pwa-studio,664,1719,153,1,0,1,0,0,0,0,0,0,0,-1,-1,-1,-1,-1,-1,-1,592.26,1083
codefordenver/Comrad,965,2060,24,1,0,1,0,0,1,0,0,0,0,-1,-1,-1,-1,-1,-1,-1,48.9,1085
StanfordHCI/bang,1597,2137,27,1,0,0,0,0,0,0,0,0,0,-1,-1,-1,-1,-1,-1,-1,23.08,1088
Amsterdam/signals-frontend,1901,7900,39,1,0,1,0,0,0,0,0,0,0,-1,-1,-1,-1,-1,-1,-1,43.19,1089
betagouv/eva,523,1405,10,1,1,0,0,0,0,0,0,0,0,-1,6,-1,-1,-1,-1,-1,215.36,948
bmlt-enabled/crouton,274,534,11,1,0,0,0,0,0,0,0,0,0,-1,-1,18,-1,-1,-1,-1,2.14,1091
ChilliCream/hotchocolate-docs,236,376,51,1,0,0,0,0,0,0,0,0,0,-1,0,-1,-1,-1,-1,-1,16.49,1091
wazo-platform/wazo-js-sdk,668,2098,26,1,0,1,0,0,0,0,0,0,0,-1,-1,1,-1,-1,-1,-1,8.02,1092
IHTSDO/authoring-ui,5182,5876,23,1,0,0,0,1,0,0,0,0,0,-1,-1,0,-1,-1,-1,-1,26.28,2180
herotc/bfa.herodamage.com,573,741,5,1,0,0,0,0,0,0,0,0,0,-1,-1,2,-1,-1,-1,-1,3686.4,1094
genouest/genouestaccountmanager,240,672,11,1,1,0,0,0,0,0,0,0,0,-1,-1,17,-1,-1,-1,-1,4.1,1095
Netflix/pollyjs,238,328,32,1,1,1,0,0,0,0,0,0,0,-1,-1,3,-1,-1,-1,-1,3.57,1095
segmentio/analytics.js-integrations,122,386,40,1,0,0,0,0,0,0,0,0,0,-1,-1,-1,-1,-1,-1,-1,5.76,1096
mozilla/Spoke,1683,2576,31,1,0,0,0,0,0,0,0,0,0,-1,16,-1,-1,13,-1,-1,106.6,1099
Simonwep/pickr,325,600,33,1,0,0,0,0,0,0,0,0,0,-1,-1,2,-1,-1,-1,-1,6.7,1100
asterics/AsTeRICS-Grid,961,2257,5,1,0,1,0,0,0,0,0,0,0,-1,-1,-1,-1,-1,-1,-1,108.46,1103
vtex-apps/store,1048,1944,106,1,0,0,0,0,0,0,0,0,0,-1,-1,-1,-1,-1,-1,-1,4.15,1104
CityOfPhiladelphia/phila.gov-router,480,1405,17,1,0,1,0,0,0,0,0,0,0,-1,-1,-1,-1,-1,-1,-1,1.68,1137
guidokessels/xwing-data2,636,1140,32,1,0,1,0,0,0,0,0,0,0,-1,-1,-1,-1,-1,-1,-1,7.64,1109
bytedance/xgplayer,371,907,39,1,0,0,0,0,0,0,0,0,0,-1,-1,-1,-1,-1,-1,-1,434.68,1111
GuacLive/guac-web,206,2687,7,1,0,0,0,0,0,0,0,0,0,-1,-1,-1,-1,-1,-1,-1,15.97,1111
your-digital-rights/yourdigitalrights.org,230,686,15,1,1,0,0,0,0,0,0,0,0,-1,14,-1,-1,-1,-1,-1,9.47,1115
orbs-network/orbs-ethereum-contracts-v1,996,1605,22,0,0,0,0,0,0,0,0,0,0,-1,10,-1,-1,-1,-1,-1,23.24,1112
integrations/jira,315,729,32,1,0,1,0,0,0,0,0,0,0,-1,-1,-1,-1,-1,-1,-1,30.28,1113
studiodrishti/recipe-lab,268,560,4,1,0,1,0,0,0,0,0,0,0,-1,-1,-1,-1,-1,-1,-1,4.77,1125
StartupsPoleEmploi/zen,1044,2199,16,1,0,0,0,0,0,0,0,0,0,-1,-1,-1,-1,-1,-1,-1,10.33,1124
bespoken/skill-testing-ml,276,547,10,1,0,1,0,0,0,0,0,0,0,-1,2,-1,1,-1,-1,-1,5.05,1149
Plant-for-the-Planet-org/treecounter-app,3138,6592,49,1,0,1,0,0,0,0,0,0,0,-1,44,-1,-1,-1,-1,-1,70.58,1124
CivicActions/civicactions.com,1638,2919,25,1,0,1,0,0,0,0,0,0,0,-1,-1,-1,-1,17,-1,-1,175.42,1126
catdad/raw-viewer,837,1335,2,1,1,0,0,0,0,0,0,0,0,-1,-1,-1,-1,-1,-1,-1,1.68,1128
ensdomains/ens-app,693,1673,32,1,0,0,0,0,0,0,1,0,0,-1,-1,16,-1,-1,-1,-1,21.97,1130
Tiledesk/tiledesk-server,649,2762,9,1,1,0,0,0,0,0,0,0,0,-1,-1,4,-1,-1,-1,-1,10.5,1130
UKHomeOffice/hocs-frontend,175,274,14,0,0,0,0,0,0,0,0,0,0,-1,-1,-1,-1,-1,-1,-1,11.02,1123
DemonCloud/cubec,107,199,1,1,0,0,0,0,0,0,0,0,0,-1,-1,-1,-1,-1,-1,-1,2.55,1131
software-mansion/react-native-reanimated,160,811,160,1,0,1,0,0,0,0,0,0,0,-1,-1,15,-1,-1,-1,-1,138.31,1132
FrontEndFoxes/curriculum,192,554,64,1,0,0,0,0,0,0,0,0,0,-1,-1,-1,-1,-1,-1,-1,62.35,1132
Back2bikes/attendance,1363,2806,40,1,0,0,0,0,0,0,0,0,0,-1,6,-1,-1,-1,-1,-1,81.57,1132
willin/github-trending,411,1124,5,1,0,0,0,0,0,0,0,0,0,-1,-1,0,-1,-1,-1,-1,1.87,1133
kubesphere/ks-website,178,383,22,1,0,0,0,0,0,0,0,0,0,-1,-1,0,-1,-1,-1,-1,14.52,1136
fjp/fjp.github.io,2210,4262,218,0,0,0,0,0,0,0,0,0,0,-1,-1,-1,-1,-1,-1,-1,165.78,2929
iov-one/iov-core,4169,5836,23,1,0,0,1,1,0,0,0,0,0,-1,-1,4,1,-1,-1,-1,13.26,1140
SuitestAutomation/suitest-js-api,252,453,17,1,1,0,0,0,0,0,0,0,0,-1,3,-1,-1,-1,-1,-1,2.53,1140
bunq/doc,301,424,20,1,0,0,0,0,0,0,0,0,0,-1,-1,-1,-1,-1,-1,-1,13.65,1141
altangent/ccxws,283,777,33,1,0,0,0,0,0,0,0,0,0,-1,-1,-1,-1,-1,-1,-1,1.83,1144
dimaportenko/magento-react-native,234,418,13,1,0,1,0,0,0,0,0,0,0,-1,-1,-1,-1,-1,-1,-1,33.79,1401
weave-microservices/weave,313,840,4,1,0,0,0,0,0,0,0,0,0,-1,-1,-1,-1,-1,-1,-1,130.61,1146
ksc-fe/kpc,1603,2592,18,1,1,0,0,1,0,0,0,0,0,-1,-1,-1,-1,-1,-1,-1,420.47,1147
gladly-team/tab-homepage,375,844,6,1,0,1,0,0,0,0,0,0,0,-1,-1,-1,-1,-1,-1,-1,190.14,1147
vtex-apps/store-components,2211,4302,158,1,0,0,0,0,0,0,0,0,0,-1,-1,-1,-1,-1,-1,-1,8.3,1148
Faithlife/styled-ui,679,1355,60,1,0,0,0,0,0,0,0,0,0,-1,-1,2,-1,-1,-1,-1,18.93,1148
keystonejs/keystone,2517,6060,175,1,0,0,0,0,0,0,0,0,0,-1,-1,-1,-1,-1,-1,-1,369.0,1152
buxlabs/boxwood,669,1476,8,1,0,0,0,0,0,0,0,0,0,-1,-1,-1,-1,-1,-1,-1,4.53,1157
citizenos/citizenos-api,2034,3271,8,1,1,0,0,0,0,0,0,0,0,-1,-1,-1,-1,-1,-1,-1,63.01,1160
moonwalker/orbit,493,758,10,1,0,0,0,0,0,0,0,0,0,-1,-1,-1,-1,-1,-1,-1,29.57,1168
uc-cdis/gen3-qa,220,1251,32,1,0,0,0,0,0,0,0,0,0,-1,-1,-1,-1,10,-1,-1,7.0,1161
lifeomic/cli,374,794,33,1,0,0,0,0,0,0,0,0,0,-1,-1,-1,-1,-1,-1,-1,1.64,1165
codex-protocol/service.eel,106,146,2,1,0,0,0,0,0,0,0,0,0,-1,-1,-1,-1,-1,-1,-1,0.73,1165
mozilla/contain-facebook,613,1273,202,1,1,0,0,0,0,0,0,0,0,-1,-1,1,-1,-1,-1,-1,3.53,1168
AlexsLemonade/refinebio-frontend,1463,2007,21,1,0,0,0,0,1,0,0,0,0,-1,-1,-1,-1,-1,-1,-1,24.53,1168
marp-team/marpit,714,1047,5,1,0,1,0,0,0,0,0,0,0,-1,20,-1,-1,-1,-1,-1,4.16,1170
KyberNetwork/kyber-tracker,1247,1850,15,1,1,0,0,0,0,0,0,0,0,-1,-1,3,-1,-1,-1,-1,13.14,1190
botfront/rasa-webchat,328,701,30,1,0,1,0,0,0,0,0,0,0,-1,0,-1,-1,-1,-1,-1,7.86,1405
SymphonyPlatformSolutions/symphony-api-client-node,138,243,23,1,0,1,0,0,0,0,0,0,0,-1,-1,-1,-1,-1,-1,-1,0.78,1172
iguazio/dashboard-controls,540,1133,19,1,0,0,0,1,0,0,0,0,0,-1,-1,-1,-1,-1,-1,-1,13.67,1173
CodeforKarlsruhe/direktvermarkter,768,889,11,1,0,0,0,0,0,0,0,0,0,-1,-1,-1,-1,-1,-1,-1,-1.0,-1
wordpress-mobile/gutenberg-mobile,3848,9367,77,1,0,1,0,0,0,0,0,0,0,-1,143,-1,-1,-1,-1,-1,-1.0,-1
king-prawns/webpack5-starter-kit,110,227,4,1,0,0,0,0,0,0,0,0,0,-1,-1,-1,-1,-1,-1,-1,4.21,1176
MyScienceWork/PolarisOS,1004,1957,9,1,1,0,0,0,0,0,0,0,0,-1,-1,-1,-1,-1,-1,-1,35.79,1337
HackYourFuture/JavaScript3,520,627,35,1,0,0,0,0,0,0,0,0,0,-1,-1,0,-1,-1,-1,-1,15.96,1692
connectome-neuprint/neuPrintExplorer,823,1365,7,1,0,1,0,0,0,0,0,0,0,-1,-1,0,-1,-1,-1,-1,48.87,1178
haiwen/seafile-js,220,409,23,1,0,1,0,0,0,0,0,0,0,-1,-1,-1,-1,-1,-1,-1,1.36,1178
ghostery/ghostery-extension,699,1079,33,0,0,0,0,0,0,0,0,0,0,-1,-1,-1,-1,-1,-1,-1,32.24,1181
kirjavascript/nibblrjr,486,1633,4,1,0,0,0,0,0,0,0,0,0,-1,-1,-1,-1,-1,-1,-1,9.93,1182
lykmapipo/express-common,118,194,4,1,1,0,0,0,0,0,0,0,0,-1,-1,0,-1,-1,-1,-1,1.46,1181
electron/dependent-repos,1937,2046,6,1,0,1,0,0,0,0,0,0,0,-1,-1,0,-1,-1,-1,-1,913.13,1184
biuuu/BLHXFY,655,823,29,1,0,0,0,0,0,0,0,0,0,-1,-1,-1,-1,-1,-1,-1,65.63,1185
eBay/ebayui-core,544,1414,33,1,1,0,0,1,0,0,0,0,0,-1,-1,-1,-1,-1,-1,-1,113.6,1188
DevExpress/devextreme-react,214,322,23,1,0,1,0,0,0,0,0,0,0,-1,-1,-1,-1,-1,-1,-1,8.4,1189
minimit/xtendui,1640,5205,7,1,0,0,0,0,0,0,0,0,0,-1,-1,-1,-1,-1,-1,-1,432.71,1192
Frontify/sketch,103,259,11,1,0,0,0,0,0,0,0,0,0,-1,-1,-1,-1,-1,-1,-1,4.54,1193
DataBiosphere/terra-ui,816,1544,48,1,0,0,0,0,0,0,0,0,0,-1,30,-1,-1,-1,-1,-1,364.06,1193
Hacker0x01/docs.hackerone.com,1937,2850,56,1,0,0,0,0,0,0,0,0,0,-1,-1,-1,-1,-1,0,-1,292.49,1195
flussonic/mse-player,144,330,15,1,0,1,0,0,0,0,0,0,0,-1,-1,-1,-1,-1,-1,-1,1.87,1195
uwcirg/tb-mobile-app,304,752,8,1,0,0,0,0,0,0,0,0,0,-1,6,-1,-1,-1,-1,-1,37.69,1195
nmxiaowei/avue,310,391,8,1,0,0,0,0,0,0,0,0,0,-1,-1,-1,-1,-1,-1,-1,156.97,911
pinterest/gestalt,372,1710,103,1,0,1,0,0,0,0,0,0,0,-1,-1,-1,-1,-1,-1,-1,45.84,1200
ICIJ/datashare-client,1104,3835,16,1,0,0,0,0,0,0,0,0,0,-1,29,-1,-1,-1,-1,-1,117.45,1201
evgeny-nadymov/telegram-react,432,1280,9,1,0,0,0,0,0,0,0,0,0,-1,-1,-1,-1,-1,-1,-1,641.66,1195
poanetwork/tokenbridge-contracts,577,839,20,1,0,0,0,0,0,0,0,0,0,-1,-1,-1,-1,-1,-1,-1,7.73,1204
fakob/MoviePrint_v004,1767,2111,96,1,0,1,0,0,0,0,0,0,0,-1,-1,0,0,-1,-1,-1,21.52,2205
rexrainbow/phaser3-rex-notes,1376,3459,22,1,0,0,0,0,0,0,0,0,0,-1,-1,-1,-1,-1,-1,-1,437.11,1204
navgurukul/chanakya,402,975,21,1,0,0,0,0,0,0,0,0,0,-1,-1,-1,-1,-1,-1,-1,16.14,1205
UKHomeOffice/asl-schema,535,1582,5,1,1,0,0,0,0,0,0,0,0,-1,-1,-1,-1,-1,-1,-1,2.69,1207
inkline/inkline,625,1906,13,1,0,0,0,0,0,0,0,0,0,-1,-1,-1,-1,-1,-1,-1,100.96,1209
rei/rei-cedar-docs,1426,3179,29,1,0,0,0,0,0,0,0,0,0,-1,-1,-1,-1,-1,-1,-1,139.02,1210
byu-oit/openapi-enforcer,1045,1376,19,1,1,0,0,0,0,0,0,0,0,-1,-1,0,-1,-1,-1,-1,4.36,1211
kccd/nkc,1873,4299,17,1,0,0,0,0,0,0,0,0,0,-1,-1,-1,-1,-1,-1,-1,189.51,1327
orbiting/backends,4061,6196,23,1,0,1,0,0,0,0,0,0,0,-1,-1,23,-1,-1,-1,-1,16.7,1407
AresMUSH/ares-webportal,354,729,6,1,0,0,0,0,0,0,0,0,0,-1,-1,4,-1,-1,-1,-1,7.31,1252
AdguardTeam/FiltersRegistry,9541,27810,43,1,0,0,0,0,0,0,0,0,0,-1,-1,-1,-1,-1,-1,-1,5519.36,1214
ooni/explorer,558,1282,18,1,0,0,0,0,0,0,0,0,0,-1,-1,-1,-1,-1,-1,-1,6.58,1520
gardener/dashboard,733,1277,48,0,0,0,0,0,0,0,0,0,0,-1,-1,-1,-1,-1,-1,-1,278.09,1224
IUSCA/SQAN,395,696,11,1,0,0,0,0,0,0,0,0,0,-1,-1,-1,-1,-1,-1,-1,5.04,2162
VizierDB/web-ui,162,350,10,1,0,0,0,0,0,0,0,0,0,-1,-1,-1,-1,-1,-1,-1,19.63,1225
ManageIQ/manageiq-v2v,1890,2230,26,1,0,1,0,0,0,0,0,0,0,-1,-1,5,-1,-1,-1,-1,22.12,1227
osmlab/maproulette3,972,2260,18,1,0,0,0,0,0,0,0,0,0,-1,-1,-1,-1,-1,-1,-1,21.92,1224
WebThingsIO/zigbee-adapter,124,286,22,1,0,0,0,0,0,0,0,0,0,-1,-1,-1,-1,-1,-1,-1,1.32,1494
ebshimizu/stats-of-the-storm,804,886,5,1,0,0,0,0,0,0,0,0,0,-1,-1,1,-1,-1,-1,-1,32.8,1234
infor-design/design-system,646,933,19,1,0,0,0,0,0,0,0,0,0,-1,-1,-1,-1,-1,-1,-1,64.46,1235
lbryio/lbry-redux,305,924,44,1,0,0,0,0,0,0,0,0,0,-1,-1,-1,-1,-1,-1,-1,3.39,1236
mrvautin/expressCart,144,565,20,1,0,0,0,0,0,0,0,0,0,-1,-1,-1,-1,-1,-1,-1,9.15,1241
ethereum/ethereum-org-website,192,7260,369,1,0,0,0,0,0,0,0,0,0,-1,-1,-1,-1,-1,-1,-1,521.04,1242
water-fountains/datablue,186,542,10,1,0,0,0,0,0,0,0,0,0,-1,-1,-1,-1,-1,-1,-1,2.03,1241
gfxfundamentals/threejsfundamentals,309,892,52,1,0,0,0,0,0,0,0,0,0,-1,-1,-1,-1,-1,-1,-1,136.09,1243
jhipster/prettier-java,285,527,24,1,1,0,0,0,0,0,0,0,0,-1,-1,-1,-1,-1,-1,-1,7.01,1240
pass-culture/pass-culture-browser,2122,4036,66,1,0,1,0,0,0,0,0,0,0,-1,33,-1,-1,-1,-1,-1,55.81,1244
ACM-UCI/ACM-UCI-Website,150,344,13,1,0,0,0,0,0,0,0,0,0,-1,-1,-1,-1,-1,-1,-1,75.99,1246
immerjs/immer,714,1179,144,1,0,1,0,0,0,0,0,0,0,-1,-1,12,-1,-1,-1,-1,6.0,1249
keepassxreboot/keepassxc-browser,501,895,38,1,0,0,0,0,0,0,0,0,0,-1,-1,-1,-1,-1,-1,-1,4.53,1526
react-navigation/react-navigation.github.io,581,1347,323,0,0,0,0,0,0,0,0,0,0,-1,-1,-1,-1,-1,-1,-1,237.15,1251
Paturages/chorus,776,895,154,1,0,0,0,0,0,0,0,0,0,-1,-1,-1,-1,-1,-1,-1,43.32,1252
seleb/bitsy-hacks,225,516,15,1,0,1,0,0,1,0,0,0,0,-1,-1,-1,-1,-1,-1,-1,15.26,1255
Criptext/Criptext-Email-React-Client,1853,2849,22,0,0,0,0,0,0,0,0,0,0,-1,3,-1,-1,-1,-1,-1,20.73,1259
danhumphrey/page-modeller,399,527,4,1,0,1,0,0,0,0,0,0,0,-1,-1,-1,-1,-1,-1,-1,10.18,1258
Esri/calcite-react,677,1126,23,1,0,1,0,0,0,0,0,0,0,-1,-1,-1,-1,-1,-1,-1,6.93,1260
SAPConversationalAI/Webchat,389,872,42,1,0,0,0,0,0,0,0,0,0,-1,-1,-1,-1,-1,-1,-1,9.8,1293
codeforequity-at/botium-core,514,1248,26,1,1,0,0,0,0,0,0,0,0,-1,-1,-1,-1,-1,-1,-1,4.67,1265
makerdao/dai.js,1812,3431,39,1,0,1,0,0,0,0,0,0,0,-1,-1,-1,-1,-1,-1,-1,12.16,1376
obniz/obniz,1488,3035,40,1,1,0,0,0,0,0,0,0,0,-1,-1,-1,-1,-1,-1,-1,174.6,1270
ngageoint/opensphere,3644,6615,91,1,0,0,0,1,0,0,0,0,0,-1,-1,-1,-1,4,-1,-1,32.96,1272
xizon/uix-kit,564,771,4,1,0,0,0,0,0,0,0,0,0,-1,-1,16,-1,-1,-1,-1,106.29,1273
senti-iot/senti-console,2270,3259,8,1,0,0,0,0,0,0,0,0,0,-1,-1,19,-1,-1,-1,-1,18.32,1273
azu/ecmascript-proposals-json,123,820,4,1,1,0,0,0,0,0,0,0,0,-1,-1,-1,-1,-1,-1,-1,7.16,1273
biocodellc/geome-ui,847,1380,22,1,0,0,0,1,0,0,0,0,0,-1,-1,-1,-1,-1,-1,-1,8.54,2176
angrykoala/wendigo,731,987,18,1,1,0,0,0,1,0,0,0,0,-1,-1,6,-1,-1,3,-1,2.23,1278
axa-ch/patterns-library,1020,5951,35,1,0,1,0,0,0,0,0,0,0,-1,-1,-1,-1,-1,-1,23,73.47,1308
FUB-HCC/IKON-projektor,237,521,26,1,0,0,0,0,0,0,0,0,0,-1,-1,-1,-1,-1,-1,-1,52.57,1278
30-seconds/30-seconds-of-code,5440,7529,477,1,0,0,0,0,0,0,0,0,0,-1,-1,-1,-1,-1,-1,-1,608.67,1279
AdExNetwork/adex-platform,1464,5629,14,1,0,1,0,0,0,0,0,0,0,-1,-1,-1,-1,-1,-1,-1,127.06,1379
ErikVerheul/OneBacklog,482,2335,1,1,0,0,0,0,0,0,0,0,0,-1,-1,-1,-1,-1,-1,-1,10.78,892
imshuffling/davidrich.es,231,417,2,1,0,0,0,0,0,0,0,0,0,-1,-1,-1,-1,-1,-1,-1,16.21,1283
koumoul-dev/data-fair,1238,2308,6,1,0,0,0,0,0,0,0,0,0,-1,-1,-1,-1,-1,-1,-1,87.0,1284
optimistdigital/create-frontend,268,439,5,1,0,1,0,0,0,0,0,0,0,-1,-1,1,-1,-1,-1,-1,3.39,1285
final-form/react-final-form,327,508,112,1,0,1,0,0,0,0,0,0,0,-1,-1,1,-1,-1,-1,-1,7.07,1286
maticnetwork/contracts,390,1814,25,1,0,0,0,0,0,0,0,0,0,-1,-1,-1,-1,-1,-1,-1,13.0,1286
json-editor/json-editor,814,1981,144,1,0,0,0,0,0,0,0,0,0,-1,-1,12,-1,-1,-1,-1,7.56,2745
elastic/apm-agent-rum-js,246,673,31,1,0,0,1,1,1,0,0,0,0,-1,-1,-1,-1,-1,-1,-1,8.64,1288
EdgeVerve/oe-workflow,314,457,16,1,1,0,0,0,0,0,0,0,0,-1,-1,-1,-1,-1,-1,-1,1.23,1328
cityofaustin/janis,1248,3450,25,1,0,0,0,0,0,0,0,0,0,-1,-1,-1,-1,-1,-1,-1,35.12,1292
brave/brave-browser,1276,4507,83,1,0,0,0,0,0,0,0,0,0,-1,-1,-1,-1,158,-1,-1,24.15,1664
go-faast/faast-web,1879,2543,9,1,0,0,0,0,0,0,0,0,0,-1,-1,3,-1,-1,-1,-1,143.15,1299
appbaseio/reactivecore,298,593,21,1,0,1,0,0,0,0,0,0,0,-1,-1,-1,-1,-1,-1,-1,1.16,1300
fluid-project/sjrk-story-telling,1116,1863,11,1,0,0,0,0,0,0,0,0,0,-1,-1,-1,-1,-1,-1,-1,20.83,1406
IFRCGo/go-frontend,1330,4058,37,1,0,0,0,0,0,0,0,0,0,-1,3,-1,-1,-1,-1,-1,21.33,1303
gregnb/mui-datatables,351,926,135,1,1,0,0,0,0,0,0,0,0,-1,-1,0,-1,-1,-1,-1,6.7,1260
konecnyna/slack-cat,337,578,12,1,1,0,0,0,0,0,0,0,0,-1,-1,0,-1,-1,-1,-1,8.97,1286
finos/perspective,2607,4502,73,1,0,1,0,0,0,0,0,0,0,-1,-1,-1,-1,-1,-1,-1,201.68,1306
LiskHQ/lisk-desktop,10694,18082,60,1,0,1,0,0,0,0,1,0,0,-1,-1,-1,-1,45,-1,-1,145.91,1828
abetomo/google-drive-cleaner,104,179,3,1,0,1,0,0,0,0,0,0,0,-1,-1,-1,-1,-1,-1,-1,1.22,1305
samtecspg/articulate,854,1435,22,0,0,0,0,0,0,0,0,0,0,-1,-1,-1,-1,-1,-1,-1,44.84,1350
Nodics/nodics,293,482,3,1,1,0,0,0,0,0,0,0,0,-1,-1,-1,-1,-1,-1,-1,6.5,1326
qmk/qmk_configurator,465,869,117,1,0,0,0,0,0,0,0,0,0,-1,-1,-1,-1,-1,-1,-1,26.43,1320
CarPalFleet/JavaScript-SDK,1294,1552,23,1,0,1,0,0,0,0,0,0,0,-1,-1,0,-1,-1,-1,-1,2.83,1319
OrangeXC/gank,387,741,3,1,0,1,0,0,0,0,0,0,0,-1,-1,-1,-1,-1,-1,-1,3.49,1320
protofire/solhint,527,872,41,1,1,0,0,0,0,0,0,0,0,-1,-1,6,-1,-1,-1,-1,2.89,1358
Yuvaleros/material-ui-dropzone,106,428,56,1,0,0,0,0,0,0,0,0,0,-1,-1,-1,-1,-1,-1,-1,5.94,1323
emazzotta/lighthouse-badges,266,769,5,1,0,1,0,0,0,0,0,0,0,-1,-1,-1,-1,-1,-1,-1,5.91,1329
dpc-sdp/ripple,520,1029,31,1,0,1,0,0,0,0,0,0,0,-1,21,-1,-1,-1,-1,-1,23.86,1160
pqina/filepond,272,602,46,1,0,1,0,0,0,0,0,0,0,-1,-1,-1,-1,-1,-1,-1,4.44,1319
surveyjs/custom-widgets,313,711,27,1,0,0,0,0,0,0,0,0,0,-1,-1,2,-1,-1,-1,-1,1.5,1330
ooni/probe-desktop,192,898,9,1,0,0,0,0,0,0,0,0,0,-1,-1,-1,-1,-1,-1,-1,7.74,1347
kids-first/kf-portal-ui,1500,2876,43,1,0,0,0,0,0,0,0,0,0,-1,10,-1,-1,-1,-1,-1,33.9,1302
mozilla/hubs,5509,9924,71,1,0,0,0,0,0,0,0,0,0,-1,2,-1,-1,21,-1,-1,226.48,1344
sparkdesignsystem/spark-design-system,3895,9923,61,1,0,0,0,0,0,0,0,0,0,-1,-1,-1,-1,-1,-1,-1,70.3,1755
getodk/central-frontend,977,1816,11,1,0,0,0,1,0,0,0,0,0,-1,5,-1,-1,-1,-1,-1,13.7,1341
BuildFire/placesPlugin2,397,506,25,1,0,0,0,0,0,0,0,0,0,-1,-1,-1,-1,-1,-1,-1,2.69,1343
benetech/MathShare,1000,2039,20,1,0,0,0,0,0,0,0,0,0,-1,-1,-1,-1,-1,-1,-1,27.67,1413
decred/politeiagui,601,1137,35,1,0,0,0,0,0,1,0,0,0,-1,-1,-1,-1,-1,-1,-1,18.03,1354
getodk/central-backend,641,1257,18,1,1,0,0,0,0,0,0,0,0,-1,3,-1,-1,-1,-1,-1,6.24,1349
BrightID/BrightID,783,2643,31,0,0,0,0,0,0,0,0,0,0,-1,-1,-1,-1,-1,-1,-1,68.35,1356
zebrunner/stf,2066,2255,54,1,0,0,0,1,0,0,0,0,0,-1,-1,-1,-1,-1,-1,-1,117.19,2702
ChildMindInstitute/mindlogger-app,356,2124,37,1,0,1,0,0,0,0,0,0,0,-1,-1,-1,-1,-1,-1,-1,96.66,1356
DeveloperCielo/developercielo.github.io,2324,4075,45,0,0,0,0,0,0,0,0,0,0,-1,-1,-1,-1,-1,-1,-1,405.56,1357
react-static/react-static,1424,1588,240,1,0,0,0,0,0,0,0,0,0,-1,-1,1,-1,-1,-1,-1,37.4,1361
mattermost/mattermost-webapp,4969,8507,503,1,0,1,0,0,0,0,0,0,0,-1,29,-1,-1,-1,-1,-1,482.53,1902
mdbootstrap/React-Bootstrap-with-Material-Design,146,194,27,1,0,0,0,0,0,0,0,0,0,-1,-1,-1,-1,-1,-1,-1,11.55,1357
ging/fiware-idm,747,1059,39,1,1,0,0,0,0,0,0,0,0,-1,-1,-1,-1,-1,-1,-1,17.36,1362
wojtekmaj/react-date-picker,469,670,18,1,0,1,0,0,0,0,0,0,0,-1,-1,-1,-1,-1,-1,-1,6.89,1364
rescapes/ramda,260,564,1,1,0,1,0,0,0,0,0,0,0,-1,-1,-1,-1,-1,-1,-1,1.11,1365
wulkanowy/fake-log,195,297,11,1,0,0,0,0,0,0,0,0,0,-1,0,-1,-1,-1,-1,-1,0.94,1367
social-media-testdrive/truman_testdrive,2348,3005,140,1,1,0,0,0,0,0,0,0,0,-1,-1,-1,-1,-1,-1,-1,486.63,2756
AliceO2Group/WebUi,402,818,11,0,0,0,0,0,0,0,0,0,0,-1,-1,-1,-1,-1,-1,-1,14.62,1370
alliance-genome/agr_ui,1923,3195,36,1,1,0,0,0,0,0,0,0,0,-1,-1,-1,-1,-1,-1,-1,26.58,1548
jumpalottahigh/blog.georgi-yanev.com,376,802,3,1,0,0,0,0,0,0,0,0,0,-1,-1,0,-1,-1,-1,-1,257.78,1380
sencha/ext-angular,960,1473,23,1,0,0,0,0,0,0,0,0,0,-1,-1,-1,-1,-1,-1,-1,201.81,1383
elifesciences/elife-xpub,2558,2901,39,1,0,1,0,0,0,0,0,0,0,-1,-1,-1,-1,23,-1,-1,15.75,1384
OpenNeuroOrg/openneuro,6583,9182,35,1,0,1,0,0,0,0,0,0,0,-1,-1,-1,-1,-1,-1,-1,66.87,2209
parcel-bundler/parcel,1234,2320,310,1,1,0,0,0,0,0,0,0,0,-1,-1,-1,-1,-1,-1,1,42.53,1395
anlix-io/flashman,766,2171,16,1,0,0,0,0,0,0,0,0,0,-1,-1,-1,-1,0,-1,-1,48.18,1407
HamishMW/portfolio,180,462,2,1,0,0,0,0,0,0,0,0,0,-1,-1,-1,-1,-1,-1,-1,279.3,1397
tighten/ziggy,293,616,63,1,0,0,0,0,0,0,0,0,0,-1,-1,-1,-1,-1,-1,-1,2.82,1397
redsolution/xabber-web,103,1170,6,1,0,0,0,0,0,0,0,0,0,-1,-1,-1,-1,-1,-1,-1,176.86,1389
invinst/CPDBv2_mobile,1003,1631,1,1,1,0,0,1,0,1,0,0,0,-1,9,-1,-1,-1,-1,-1,6.12,1826
tulios/kafkajs,1300,2589,112,1,0,1,0,0,0,0,0,0,0,-1,-1,-1,-1,-1,-1,35,12.49,1443
Giveth/feathers-giveth,889,2134,29,1,1,0,0,0,0,0,0,0,0,-1,-1,-1,-1,-1,-1,-1,10.83,1401
alibaba/funcraft,342,916,35,1,1,0,0,0,0,0,0,0,0,-1,-1,12,-1,-1,-1,-1,21.35,1400
Giveth/giveth-dapp,1898,3466,68,1,0,0,0,0,0,0,0,0,0,-1,-1,-1,-1,-1,-1,-1,14.11,1399
segmentio/evergreen,481,724,116,1,0,0,0,0,0,0,0,0,0,-1,4,-1,-1,-1,-1,-1,227.42,1402
michaeldzjap/react-signature-pad-wrapper,137,212,2,1,0,1,0,0,0,0,0,0,0,-1,-1,2,-1,-1,-1,-1,6.41,1402
salesforce/lwc,2054,2651,64,1,0,1,0,0,0,0,0,0,0,-1,21,-1,-1,-1,-1,-1,38.41,1762
wojtekmaj/react-calendar,533,757,32,1,0,1,0,0,0,0,0,0,0,-1,-1,-1,-1,-1,-1,-1,6.9,1404
brave-intl/bat-ledger,628,915,13,1,0,0,0,0,0,0,0,0,0,-1,-1,-1,-1,-1,-1,-1,6.66,1405
lidaof/eg-react,666,953,12,0,0,0,0,0,0,0,0,0,0,-1,-1,-1,-1,-1,-1,-1,298.26,1420
urbica/react-map-gl,422,604,16,1,0,1,0,0,0,0,0,0,0,-1,-1,-1,-1,-1,-1,-1,27.67,1406
orbiting/publikator-frontend,1338,2028,15,1,0,0,0,0,0,0,0,0,0,-1,-1,1,-1,-1,-1,-1,15.62,1407
okta/okta-oidc-js,180,345,34,1,0,0,0,0,0,0,0,0,0,-1,-1,3,-1,-1,-1,-1,22.39,1410
StatEngine/stat-engine,477,924,21,1,1,0,0,1,0,0,0,0,0,-1,-1,0,-1,0,-1,-1,38.48,1410
LLK/scratch-l10n,184,543,16,1,0,0,0,0,0,0,0,0,0,-1,-1,-1,-1,-1,-1,-1,37.6,1411
MyEtherWallet/ethereum-lists,2524,3939,849,1,0,0,0,0,0,0,0,0,0,-1,-1,-1,-1,-1,-1,-1,956.16,1413
priceline/design-system,1502,2013,89,0,0,0,0,0,0,0,0,0,0,-1,-1,-1,-1,-1,-1,-1,127.85,1414
Shyam-Chen/Vue-Starter,691,851,2,1,0,0,0,0,0,0,0,0,0,-1,24,-1,-1,-1,-1,-1,6.0,1417
smartface/sf-extension-utils,318,646,34,1,0,0,0,0,0,0,0,0,0,-1,-1,-1,-1,-1,-1,-1,2.36,1419
folio-org/ui-eholdings,1911,2587,44,1,1,0,0,0,0,0,0,0,0,-1,5,-1,-1,15,-1,-1,12.07,1426
cerner/terra-toolkit,387,686,31,1,0,1,0,0,0,0,0,0,0,-1,-1,17,-1,-1,-1,-1,33.56,1432
CityOfZion/neon-wallet,2190,2486,80,1,0,1,0,0,0,0,0,0,0,-1,11,-1,-1,-1,-1,-1,117.87,1434
developersdo/opensource,868,1215,29,1,0,0,0,0,0,0,0,0,0,-1,2,-1,-1,-1,-1,-1,38.58,1439
r-spacex/SpaceX-API,1442,2373,79,1,0,1,0,0,0,0,0,0,0,-1,-1,-1,-1,-1,-1,-1,17.41,1442
wesbos/Syntax,562,1592,166,1,0,0,0,0,0,0,0,0,0,-1,-1,-1,-1,-1,-1,-1,187.5,1441
openpracticelibrary/openpracticelibrary,1520,3343,131,1,0,0,0,0,0,0,0,0,0,-1,-1,-1,-1,-1,-1,-1,598.17,1502
tengge1/ShadowEditor,2622,5579,6,1,0,0,0,0,0,0,0,0,0,-1,-1,-1,-1,-1,-1,-1,79.3,1443
reasonml/reasonml.github.io,867,991,224,0,0,0,0,0,0,0,0,0,0,-1,-1,-1,-1,-1,-1,-1,120.22,1423
usdot-its-jpo-data-portal/datahub-ui,146,553,15,1,0,0,0,0,0,0,0,0,0,-1,-1,-1,-1,-1,-1,-1,68.61,1362
InsideSalesOfficial/insidesales-components,401,519,44,1,0,1,0,0,0,0,0,0,0,-1,-1,1,-1,-1,-1,-1,5.9,1448
AssemblyScript/binaryen.js,368,874,14,1,0,0,0,0,0,0,0,0,0,-1,-1,-1,-1,-1,-1,-1,2621.44,1449
vergecurrency/vergecurrency.com,1440,1740,60,1,0,0,0,0,0,0,0,0,0,-1,-1,2,-1,-1,-1,-1,357.9,1227
Scrivito/scrivito_example_app_js,1011,1818,20,1,0,0,0,0,0,0,0,0,0,-1,-1,4,-1,-1,-1,-1,11.63,1221
broadinstitute/gnomad-browser,1552,2918,19,1,0,1,0,0,0,0,0,0,0,-1,-1,-1,-1,-1,-1,-1,34.81,1677
vtex/address-form,785,1209,60,1,0,0,0,0,0,0,0,0,0,-1,-1,0,-1,-1,-1,-1,4.72,1449
luangjokaj/wordpressify,404,760,17,1,0,0,0,0,0,0,0,0,0,-1,-1,-1,-1,-1,-1,-1,21.56,1456
newsuk/times-components,2701,3715,96,1,0,1,0,0,0,0,0,0,0,-1,-1,-1,-1,-1,-1,-1,371.94,1460
telldus/telldus-live-mobile-v3,4628,8981,27,1,0,1,0,0,0,0,0,0,0,-1,-1,-1,-1,-1,32,-1,56.01,1764
abetomo/node-ss2json,172,275,5,1,0,1,0,0,0,0,0,0,0,-1,-1,-1,-1,-1,-1,-1,1.75,1462
kaltura/playkit-js-ui,695,935,20,1,1,0,0,1,0,0,0,0,0,-1,-1,9,-1,-1,-1,-1,12.11,1463
dvaJi/ReaderFront,242,788,9,1,0,0,0,0,0,0,0,0,0,-1,-1,-1,-1,-1,-1,-1,15.49,1604
emotion-js/emotion,1170,1619,262,1,0,0,0,0,0,0,0,0,0,-1,-1,-1,-1,-1,-1,-1,23.22,1466
internet4000/radio4000,4214,4632,18,1,0,0,0,0,0,0,0,0,0,-1,-1,0,-1,-1,-1,-1,52.84,2588
Integreat/integreat-webapp,2901,4010,23,1,0,1,0,0,0,0,0,0,0,-1,-1,-1,-1,-1,-1,-1,20.14,1470
whawker/react-jsx-highcharts,612,974,16,0,0,0,0,0,0,0,0,0,0,-1,-1,1,-1,-1,-1,-1,5.09,1471
tradle/mycloud,3114,5071,7,1,0,0,0,0,0,0,0,0,0,-1,-1,-1,-1,-1,-1,-1,42.89,1460
TeamFleet/WhoCallsTheFleet-Pics,128,206,2,1,0,0,0,0,0,0,0,0,0,-1,-1,-1,-1,-1,-1,-1,4055.04,1471
cmux/koot,1284,2465,14,1,0,1,0,0,1,0,0,0,0,-1,-1,-1,-1,-1,-1,-1,17.43,1428
resource-watch/resource-watch,5275,7667,36,1,0,0,0,0,0,0,0,0,0,-1,-1,-1,-1,76,-1,-1,102.83,1475
unep-grid/map-x-mgl,909,1840,15,0,0,0,0,0,0,0,0,0,0,-1,-1,-1,-1,-1,-1,-1,97.78,1527
ifanrx/hydrogen-js-sdk,647,1155,25,1,1,0,0,0,0,0,0,0,0,-1,-1,-1,-1,-1,-1,-1,5.63,1480
SparkPost/matchbox,776,1648,20,1,0,1,0,0,0,0,0,0,0,-1,-1,-1,-1,-1,-1,-1,47.49,1481
gemini-testing/html-reporter,480,804,47,1,1,0,0,0,0,0,0,0,0,-1,-1,2,-1,-1,-1,-1,12.05,1482
lyrgard/ffbeEquip,2217,2935,30,1,1,0,0,0,0,0,0,0,0,-1,-1,0,-1,-1,-1,-1,412.96,1483
w3c/validate-repos,458,2348,9,1,0,0,0,0,0,0,0,0,0,-1,-1,-1,-1,-1,-1,-1,57.87,1487
alexlitel/congresstweets-automator,113,213,2,1,0,1,0,0,0,0,0,0,0,-1,-1,1,-1,-1,-1,-1,2.52,1442
omnisci/mapd-charting,1461,1632,39,1,1,0,0,0,0,0,0,0,0,-1,-1,-1,-1,-1,-1,-1,115.26,2308
amyjko/faculty,275,1021,7,1,0,0,0,0,0,0,0,0,0,-1,-1,-1,-1,-1,-1,-1,715.54,1493
qgrid/ng2,2511,3257,40,1,1,0,0,1,0,0,0,0,0,-1,-1,-1,-1,-1,-1,-1,177.15,1494
FuelRats/fuelrats.com,1128,2836,25,1,0,0,0,0,0,0,0,0,0,-1,-1,-1,-1,-1,-1,-1,67.05,1496
viewstools/morph,517,885,19,1,0,1,0,0,0,0,0,0,0,-1,-1,-1,-1,-1,-1,-1,6.59,1494
paypal/fullstack-phone,195,285,6,1,1,0,0,0,0,0,0,0,0,-1,-1,-1,-1,-1,-1,-1,2.27,2599
moodlebox/moodlebox.net,802,1094,7,1,0,0,0,0,0,0,0,0,0,-1,-1,-1,-1,-1,-1,-1,96.84,1497
WhoTargetsMe/Who-Targets-Me,318,432,13,1,0,0,0,0,0,0,0,0,0,-1,-1,-1,-1,-1,-1,-1,7.26,1501
paradite/hn-ratio,565,1290,3,1,0,0,0,0,0,0,0,0,0,-1,-1,0,-1,-1,-1,-1,10.12,1501
vtex/styleguide,2504,4798,163,1,0,0,0,0,0,0,0,0,0,-1,-1,-1,-1,-1,-1,-1,83.55,1257
Photosynq/PhotosynQ-Documentation,384,805,6,1,0,0,0,0,0,0,0,0,0,-1,-1,-1,-1,-1,-1,-1,50.0,1504
brainstormforce/astra,4706,12824,65,1,0,0,0,0,0,0,0,0,0,-1,-1,-1,-1,-1,-1,-1,265.04,1505
psono/psono-client,917,1185,12,1,0,0,0,1,0,0,0,0,0,-1,-1,-1,-1,-1,4,-1,15.09,2074
JiHong88/SunEditor,992,2415,48,1,0,0,1,1,0,0,0,0,0,-1,-1,-1,-1,-1,-1,-1,59.54,1509
nodefony/nodefony,1023,1609,6,1,0,0,0,0,0,0,0,0,0,-1,-1,-1,-1,-1,-1,-1,95.18,1511
City-of-Helsinki/mvj-ui,1685,2050,15,1,1,0,0,0,0,0,0,0,0,-1,-1,-1,-1,-1,-1,-1,11.19,1511
styled-components/styled-components-website,1002,1377,236,1,0,1,0,0,0,0,0,0,0,-1,-1,-1,-1,-1,-1,-1,86.28,1517
im6/javascript-fun,185,458,4,1,0,0,0,0,0,0,0,0,0,-1,-1,-1,-1,-1,-1,-1,3.2,1516
evaera/RoVer,385,685,30,1,0,0,0,0,0,0,0,0,0,-1,-1,-1,-1,-1,-1,-1,1.01,1518
mapbox/osmcha-frontend,846,1006,24,1,0,1,0,0,0,0,0,0,0,-1,0,-1,-1,-1,-1,-1,140.89,1518
instacart/Snacks,329,416,29,1,0,1,0,0,0,0,0,0,0,-1,3,-1,-1,-1,-1,-1,18.03,1517
Xi-Plus/twinkle,1598,2221,45,1,0,0,0,0,0,0,0,0,0,-1,-1,-1,-1,-1,-1,-1,7.41,3740
TarikHuber/react-most-wanted,552,1452,48,1,0,0,0,0,0,0,0,0,0,-1,-1,41,-1,-1,-1,-1,34.02,1522
opensupports/opensupports,1352,1699,31,0,0,0,0,0,0,0,0,0,0,-1,-1,3,-1,-1,-1,-1,7.67,2116
stiftelsen-effekt/effekt-backend,237,820,22,1,1,0,0,0,0,0,0,0,0,-1,-1,-1,-1,-1,-1,-1,7.92,1523
danielcaldas/react-d3-graph,146,253,35,1,0,1,0,0,0,0,1,0,0,-1,-1,-1,-1,-1,-1,-1,31.8,1525
pastelsky/bundlephobia,222,348,29,1,0,1,0,0,0,0,0,0,0,-1,-1,1,-1,-1,-1,-1,9.05,1526
appbaseio/playground,427,599,17,1,0,0,0,0,0,0,0,0,0,-1,-1,-1,-1,-1,-1,-1,10.76,1527
matthewberryman/midsomerplots,329,366,4,1,0,0,0,0,0,0,0,0,0,-1,-1,3,-1,-1,-1,-1,0.97,1527
lingochen/wings3d,555,1042,3,1,0,0,0,0,0,0,0,0,0,-1,-1,-1,-1,-1,-1,-1,4.25,1530
carbon-design-system/carbon,5286,7907,356,1,0,1,0,0,0,0,0,0,0,-1,17,-1,-1,-1,-1,-1,2396.16,2182
mattermost/mattermost-redux,1044,1445,132,1,0,1,0,0,0,0,0,0,0,-1,6,-1,-1,-1,-1,-1,8.36,1538
silverstripe/silverstripe-admin,1212,1615,60,1,0,0,0,0,0,0,0,0,0,-1,-1,22,-1,-1,-1,-1,43.89,1552
topcoder-platform/community-app,4023,7248,109,1,0,1,0,0,0,0,0,0,0,-1,468,-1,-1,-1,-1,-1,153.65,1544
TobitSoftware/chayns-components,1857,3292,49,1,0,0,0,0,0,0,0,0,0,-1,-1,-1,-1,-1,-1,-1,38.82,1544
jumpserver/luna,770,1124,27,1,0,0,0,1,0,0,0,0,0,-1,-1,0,-1,-1,-1,-1,13.07,1370
pilas-engine/pilas-engine,802,1404,5,1,0,0,0,0,0,0,0,0,0,-1,17,-1,-1,-1,-1,-1,78.98,1555
jaegertracing/jaeger-ui,380,916,57,1,0,0,0,0,0,0,0,0,0,-1,-1,-1,-1,-1,-1,-1,11.8,1529
qiuwww/blog,363,475,4,1,0,0,0,0,0,0,0,0,0,-1,-1,-1,-1,-1,-1,-1,465.08,1559
owncloud/guests,497,710,43,1,0,0,0,1,0,0,0,0,0,-1,-1,-1,-1,-1,-1,-1,1.63,2082
cwrc/CWRC-WriterBase,483,885,7,1,0,0,0,0,0,0,0,0,0,-1,-1,16,-1,-1,-1,-1,8.42,1565
appbaseio/reactivesearch,2632,3371,68,1,0,0,0,0,0,0,0,0,0,-1,-1,-1,-1,-1,-1,-1,349.83,1394
Datawheel/canon,1797,4392,18,1,0,0,0,0,0,0,0,0,0,-1,-1,-1,-1,-1,-1,-1,23.36,1568
vanda/vam-fractal,479,1240,13,1,0,0,0,0,0,0,0,0,0,-1,-1,0,-1,-1,-1,-1,9.74,1571
CMSgov/design-system,709,1149,29,1,0,0,0,0,0,0,0,0,0,-1,-1,-1,-1,-1,-1,-1,1607.68,1578
idyll-lang/idyll,2097,2552,33,1,0,0,0,0,0,0,0,0,0,-1,-1,-1,4,-1,-1,-1,60.54,1579
kaltura/playkit-js,494,712,21,1,1,0,0,1,0,0,0,0,0,-1,-1,7,-1,-1,-1,-1,52.16,1582
ben-eb/caniuse-lite,591,1124,10,1,0,1,0,0,0,0,0,0,0,-1,-1,-1,-1,-1,-1,-1,59.18,1585
Backendless/Console-SDK,452,800,25,1,0,0,0,0,0,0,0,0,0,-1,-1,-1,-1,-1,-1,-1,1.71,1650
youzan/vant-weapp,1156,2098,139,1,0,0,0,0,0,0,0,0,0,-1,-1,-1,-1,-1,-1,-1,21.34,1624
Inist-CNRS/lodex,3905,5506,38,1,0,1,0,0,0,0,1,0,0,-1,-1,8,-1,-1,-1,-1,63.01,1593
microsoft/pxt-blockly,3470,5724,166,1,0,0,0,0,0,0,0,0,0,-1,-1,-1,-1,-1,-1,-1,116.98,2770
Talend/ui,2919,3953,85,1,0,0,0,0,0,0,0,0,0,-1,-1,13,-1,-1,-1,-1,79.28,1757
lbryio/lbry-desktop,5330,9523,202,1,0,0,0,0,0,0,0,0,0,-1,-1,-1,-1,-1,-1,-1,79.76,1904
gathercontent/gather-ui,2165,4698,23,1,0,1,0,0,0,0,0,0,0,-1,-1,-1,-1,-1,-1,-1,22.22,1596
Kilian/electron-to-chromium,386,1840,12,1,0,0,0,0,0,0,0,0,0,-1,-1,2,-1,-1,-1,-1,3.15,1598
goodjoblife/GoodJobShare,537,726,16,1,0,0,0,0,0,0,0,0,0,-1,2,-1,-1,-1,-1,-1,4.55,1597
iou90/react-native-autoheight-webview,195,358,27,1,0,0,0,0,0,0,0,0,0,-1,-1,-1,-1,-1,-1,-1,2.83,1603
synzen/MonitoRSS,973,3131,17,1,0,0,0,0,0,0,0,0,0,-1,-1,-1,-1,-1,-1,-1,37.55,1604
vlocityinc/vlocity_build,661,1392,16,1,1,0,0,0,0,0,0,0,0,-1,-1,-1,-1,-1,-1,-1,24.78,1606
gladly-team/tab,3991,5840,11,1,0,1,0,0,0,0,0,0,0,-1,-1,67,-1,-1,-1,-1,54.69,1608
treadpit/wx_calendar,199,466,13,1,0,1,0,0,0,0,0,0,0,-1,-1,2,-1,-1,-1,-1,3.06,1608
stellarterm/stellarterm,1216,1919,41,1,0,0,0,0,0,0,0,0,0,-1,-1,2,-1,-1,-1,-1,11.93,1612
linuxmint/cinnamon-spices-applets,3173,4142,264,0,0,0,0,0,0,0,0,0,0,-1,-1,-1,-1,-1,-1,-1,103.14,1612
openscope/openscope,6374,7567,107,1,0,0,0,0,0,0,0,0,0,-1,-1,-1,-1,-1,-1,-1,60.51,2481
joshhunt/destinySets,985,1441,21,1,0,0,0,0,0,0,0,0,0,-1,0,-1,-1,-1,-1,-1,10.31,1610
ckeditor/ckeditor5-dev,1790,2605,21,1,1,0,0,0,0,0,0,0,0,-1,-1,6,-1,-1,-1,-1,8.5,1614
serverless-operations/serverless-step-functions,375,651,73,1,1,0,0,0,0,0,0,0,0,-1,-1,4,-1,-1,-1,-1,5.35,1615
TeamFleet/WhoCallsTheFleet-Yuubari,1217,1426,2,1,0,1,0,0,0,0,0,0,0,-1,-1,-1,-1,-1,-1,-1,3051.52,1614
sehugg/8bitworkshop,679,1143,9,1,1,0,0,0,0,0,0,0,0,-1,-1,2,-1,-1,-1,-1,64.91,1628
C0deboy/jaki-jezyk-programowania,380,439,8,1,0,0,0,0,0,0,0,0,0,-1,-1,-1,-1,-1,-1,-1,23.99,1628
facebook/metro,2760,3328,344,1,0,1,0,0,0,0,0,0,0,-1,4,0,-1,-1,-1,-1,35.16,2314
gobuffalo/docs,902,1047,125,1,0,0,0,0,0,0,0,0,0,-1,-1,-1,-1,-1,-1,-1,79.94,1631
mozilla/multi-account-containers,675,899,50,1,1,0,0,0,0,0,0,0,0,-1,-1,0,-1,-1,-1,-1,3.87,1642
nodejs/security-wg,374,472,53,1,0,0,0,0,0,0,0,0,0,-1,-1,1,-1,-1,-1,-1,2.21,1643
gchq/CyberChef,1854,3051,89,1,0,0,0,0,0,1,0,0,0,-1,-1,-1,-1,-1,-1,-1,87.69,1645
ember-animation/ember-animated,2065,2341,91,1,0,0,0,0,0,0,0,0,0,-1,-1,32,-1,-1,-1,-1,25.47,2523
quantastica/quantum-circuit,193,515,6,1,0,0,0,0,0,0,0,0,0,-1,-1,-1,-1,-1,-1,-1,156.9,1645
photonstorm/phaser3-examples,1927,2338,69,1,0,0,0,0,1,0,0,0,0,-1,-1,-1,-1,-1,-1,-1,1658.88,1650
EdgeApp/edge-react-gui,6007,9761,55,1,0,1,0,0,0,0,0,0,0,-1,-1,2,-1,16,-1,-1,185.25,1649
lskjs/lskjs,726,2339,19,1,0,1,0,0,0,0,0,0,0,-1,-1,-1,-1,-1,-1,-1,74.6,1651
elix/elix,1686,2696,13,1,1,0,0,0,1,0,0,0,0,-1,-1,0,-1,-1,-1,-1,21.93,1652
invinst/CPDBv2_frontend,3228,4341,1,1,1,0,0,0,1,0,0,0,0,-1,9,-1,-1,-1,-1,-1,18.11,1867
openhab/openhab-alexa,135,281,21,0,0,0,0,0,0,0,0,0,0,-1,-1,-1,-1,-1,-1,-1,2.78,1655
speckleworks/SpeckleServer,329,537,27,1,0,0,0,0,0,0,0,0,0,-1,-1,-1,4,-1,-1,-1,1.89,1656
qgis/qwc2-demo-app,618,927,19,1,0,0,0,0,0,0,0,0,0,-1,-1,-1,-1,-1,-1,-1,6.01,1657
Tencent/wepy,1662,2382,201,1,1,0,0,0,0,0,0,0,0,-1,-1,5,-1,-1,-1,-1,9.42,1659
decred/decrediton,1073,1775,56,1,0,1,0,0,0,0,0,0,0,-1,-1,-1,0,-1,-1,-1,109.57,1662
screeps/engine,371,569,27,1,0,0,1,0,0,0,0,0,0,-1,-1,-1,-1,-1,-1,-1,1.03,1664
oznu/dns-zone-blacklist,314,507,5,1,0,0,0,0,0,0,0,0,0,-1,-1,0,-1,-1,-1,-1,346.75,1665
newmips/newmips,1881,2466,18,1,1,0,0,0,0,0,0,0,0,-1,-1,2,-1,-1,-1,-1,23.54,1621
F5Networks/f5-cloud-libs,978,1202,26,1,0,0,0,0,0,0,0,0,0,-1,-1,0,-1,-1,9,-1,4126.72,1802
KhalisFoundation/sttm-web,663,2268,38,1,0,1,0,0,0,0,0,0,0,-1,-1,3,-1,-1,-1,-1,31.5,1672
mcneilco/acas,1048,1377,26,1,1,0,0,0,0,0,0,0,0,-1,-1,-1,-1,-1,-1,-1,49.42,1676
ForestAdmin/lumber,246,734,43,1,0,0,0,0,0,0,0,0,0,-1,-1,-1,-1,-1,-1,-1,7.75,1681
Js41637/Overwatch-Item-Tracker,961,1078,13,1,0,0,0,0,0,0,0,0,0,-1,-1,1,-1,-1,-1,-1,1792.0,1678
timelapseplus/VIEW,3207,3995,2,1,1,0,0,0,0,0,0,0,0,-1,-1,-1,-1,-1,-1,-1,104.56,1679
lskjs/ux,1459,2784,29,1,0,1,0,0,0,0,0,0,0,-1,-1,-1,-1,-1,-1,-1,56.48,1679
tannerlinsley/react-table,503,1389,269,1,0,0,0,0,0,0,0,0,0,-1,-1,-1,-1,-1,-1,-1,21.18,1684
prescottprue/react-redux-firebase,590,884,115,1,1,0,0,0,0,0,0,0,0,-1,-1,-1,-1,-1,-1,-1,23.36,1773
JetBrains/youtrack-mobile,2052,3569,21,1,0,1,0,0,0,0,0,0,0,-1,-1,-1,-1,-1,-1,-1,57.63,2155
AusDTO/dto-digitalmarketplace-frontend,1265,1441,27,1,0,1,0,0,0,0,0,0,0,-1,4,-1,-1,-1,-1,-1,6.94,1692
dougmoscrop/serverless-http,167,287,42,1,1,0,0,0,0,0,0,0,0,-1,-1,0,-1,-1,-1,-1,2.65,1698
PubMatic/OpenWrap,1254,1610,18,1,1,0,0,1,0,0,0,0,0,-1,-1,-1,-1,-1,-1,-1,20.84,1714
input-output-hk/daedalus,7259,8906,59,1,0,0,0,0,0,0,0,0,0,-1,-1,-1,2,-1,-1,-1,250.18,1699
wellcomecollection/wellcomecollection.org,11669,18195,37,1,0,0,0,0,0,0,0,0,0,-1,-1,-1,-1,-1,-1,-1,69.76,1700
osbuild/cockpit-composer,868,1317,31,1,0,0,0,0,0,0,0,0,0,-1,-1,-1,-1,-1,-1,-1,22.67,1701
FrankerFaceZ/FrankerFaceZ,850,1104,18,1,0,0,0,0,0,0,0,0,0,-1,-1,-1,-1,-1,-1,-1,10.39,2622
oVirt/ovirt-web-ui,1414,2074,33,1,0,1,0,0,0,0,0,0,0,-1,-1,2,-1,-1,-1,-1,8.94,1708
tocco/tocco-client,3165,5479,21,1,0,1,0,0,0,0,1,0,0,-1,-1,-1,-1,-1,-1,-1,23.92,1865
alphagov/govuk-frontend,3163,4422,70,1,0,1,0,0,1,0,0,0,0,-1,-1,-1,-1,-1,-1,-1,81.37,1476
codaxy/cxjs,1752,2274,30,1,0,0,0,0,0,0,0,0,0,-1,-1,-1,-1,-1,-1,-1,12.98,1720
mendix/docs,8581,22609,355,1,0,0,0,0,0,0,0,0,0,-1,-1,6,-1,-1,-1,-1,1781.76,1706
throneteki/throneteki,3193,3614,27,1,0,0,1,0,0,0,0,0,0,-1,0,0,-1,-1,-1,-1,21.54,1720
Tradeshift/tradeshift-ui,1260,1472,25,1,0,0,0,0,0,0,0,0,0,-1,-1,1,-1,-1,-1,-1,35.16,1719
cloudify-cosmo/cloudify-stage,1855,2464,41,1,0,0,0,0,0,0,1,0,0,-1,10,-1,-1,12,-1,-1,123.8,1735
hyperledger/blockchain-explorer,381,607,72,1,0,0,0,0,0,0,0,0,0,-1,-1,-1,-1,-1,-1,-1,166.63,1753
firewalla/firewalla,6395,12185,56,1,1,0,0,0,0,0,0,0,0,-1,-1,0,-1,-1,-1,-1,153.81,1723
HSLdevcom/hsl-map-publisher,969,1158,16,1,0,0,0,0,1,0,0,0,0,-1,-1,3,-1,-1,-1,-1,17.2,1725
enactjs/enact,2546,3283,48,1,0,0,0,0,0,0,0,0,0,-1,-1,2,-1,-1,-1,-1,38.3,1727
zone-eu/zone-mta,683,804,17,1,0,0,0,0,0,0,0,0,0,-1,-1,-1,-1,-1,-1,-1,1.85,1765
serverless/blog,3553,4100,137,1,0,0,0,0,0,0,0,0,0,-1,-1,0,-1,-1,-1,-1,4.75,1734
electron/apps,16352,19542,895,1,1,0,0,0,0,0,0,0,0,-1,-1,-1,-1,-1,-1,-1,1228.8,1734
collectionspace/cspace-ui.js,1026,1294,12,1,1,0,0,1,0,0,0,0,0,-1,-1,0,-1,-1,-1,-1,10.64,1736
UNICEF01/busca-ativa-escolar-web,789,1465,16,1,0,0,0,0,0,0,0,0,0,-1,-1,-1,-1,-1,-1,-1,50.94,1736
moaazsidat/react-native-qrcode-scanner,200,330,65,1,0,0,0,0,0,0,0,0,0,-1,-1,-1,-1,-1,-1,-1,0.42,1743
byteball/ocore,1530,2221,28,1,0,0,0,0,0,0,0,0,0,-1,5,-1,-1,-1,-1,-1,5.18,1751
wulkano/Kap,759,871,51,1,0,0,0,0,0,0,0,0,0,-1,4,-1,-1,-1,-1,-1,24.16,1755
serverless/plugins,613,823,268,1,0,1,0,0,0,0,0,0,0,-1,-1,1,-1,-1,-1,-1,1.22,1757
AGProjects/sylk-webrtc,895,1423,5,1,0,0,0,0,0,0,0,0,0,-1,-1,-1,-1,-1,-1,-1,11.89,2099
optimizely/javascript-sdk,214,486,44,1,0,0,0,0,0,0,0,0,0,-1,-1,20,-1,-1,-1,-1,8.27,1770
WFCD/warframe-worldstate-data,891,1153,31,1,1,0,0,0,0,0,0,0,0,-1,-1,-1,-1,-1,-1,-1,16.32,1771
chteuchteu/MaterialDesignIcons-Picker,163,238,5,1,0,0,0,0,0,0,0,0,0,-1,-1,-1,-1,-1,-1,-1,6.46,1774
plantinformatics/pretzel,1297,2342,20,1,0,0,0,0,0,0,0,0,0,-1,-1,-1,-1,-1,-1,-1,22.3,1875
programmfabrik/coffeescript-ui,2409,3672,15,1,0,1,0,0,0,0,0,0,0,-1,-1,-1,-1,-1,-1,-1,48.73,1792
facebook/create-react-app,2239,2694,892,1,0,1,0,0,1,0,0,0,0,-1,-1,-1,-1,-1,-1,8,25.29,1778
janis91/ocr,330,540,11,0,0,0,0,0,0,0,0,0,0,-1,-1,18,-1,-1,-1,-1,3.65,1782
iguanaChart/iguanacharts,184,338,10,1,0,0,0,0,0,0,0,0,0,-1,-1,-1,-1,-1,-1,-1,6.83,1782
zenmoney/ZenPlugins,1056,1622,57,1,0,1,0,0,0,0,0,0,0,-1,-1,1,-1,-1,1,-1,6.46,1783
CruGlobal/give-web,1360,1786,18,1,0,0,0,0,0,0,0,0,0,-1,-1,9,-1,-1,-1,-1,19.28,1784
hovancik/stretchly,423,941,129,1,1,0,0,0,0,0,0,0,0,-1,-1,-1,10,-1,-1,-1,70.75,1786
microsoft/BotFramework-WebChat,1706,2255,124,1,0,1,0,0,0,0,0,0,1,-1,-1,-1,-1,-1,-1,-1,193.8,1803
apache/echarts-doc,1381,2091,72,1,0,0,0,0,0,0,0,0,0,-1,-1,-1,-1,-1,-1,-1,241.6,1993
cedardevs/onestop,3987,7544,44,0,0,0,0,0,0,0,0,0,0,-1,204,-1,-1,-1,-1,-1,170.11,1872
tidepool-org/viz,1772,2476,18,1,1,0,0,1,0,0,0,0,0,-1,-1,0,-1,-1,-1,-1,13.72,1783
craftercms/studio-ui,3807,9753,31,0,0,0,0,0,0,0,0,0,0,-1,-1,6,-1,-1,-1,-1,98.44,2404
contentful/extensions,383,832,55,1,0,0,0,0,0,0,0,0,0,-1,5,-1,-1,-1,-1,-1,50.36,1791
participedia/api,1628,3023,10,1,1,0,0,0,0,0,1,0,0,-1,0,0,-1,-1,-1,-1,30.57,1793
appirio-tech/connect-app,4286,5762,131,1,1,0,0,0,0,0,0,0,0,-1,50,-1,-1,-1,-1,-1,25.95,1795
cast-org/figuration,1786,2323,3,1,0,0,0,1,0,0,0,0,0,-1,-1,7,-1,-1,-1,-1,47.09,1795
webpack/webpack.js.org,3981,5362,1100,1,0,0,0,0,0,0,0,0,0,-1,-1,-1,-1,-1,-1,-1,1863.68,1802
OpenBazaar/openbazaar-desktop,5493,5933,35,1,1,0,0,0,0,0,0,0,0,-1,-1,14,-1,-1,-1,-1,52.9,1805
Thorium-Sim/thorium,4526,5737,30,1,0,0,0,0,0,0,0,0,0,-1,-1,-1,-1,-1,-1,-1,211.04,1806
thm-projects/arsnova-flashcards,6347,8517,78,1,0,0,0,0,0,0,0,0,0,-1,-1,-1,-1,-1,40,-1,115.47,2108
18F/fedramp-dashboard,901,1538,28,1,0,0,1,1,0,0,0,0,0,-1,-1,-1,-1,-1,-1,-1,67.85,1812
Techtonica/curriculum,2272,3544,317,0,0,0,0,0,0,0,0,0,0,-1,-1,-1,-1,-1,-1,-1,26.42,1816
sketch-hq/SketchAPI,1430,1997,55,1,0,0,0,0,0,0,0,0,0,-1,-1,-1,-1,-1,-1,-1,10.21,1817
betaflight/betaflight-configurator,4231,5556,194,1,1,0,0,1,0,0,0,0,0,-1,-1,5,-1,-1,-1,19,73.21,2975
microsoft/monaco-editor,37,101,16,1,0,0,0,0,0,0,0,0,0,-1,-1,-1,-1,-1,-1,-1,128.29,1819
jupyterlab/jupyterlab,15587,23277,453,1,0,0,0,0,0,0,0,0,0,-1,-1,-1,-1,-1,-1,-1,226.36,2139
TheScienceMuseum/collectionsonline,1987,2347,13,1,0,0,0,0,0,1,0,0,1,-1,-1,3,-1,-1,-1,-1,47.2,1823
EdgeApp/edge-core-js,1603,2116,27,1,1,0,0,0,0,0,0,0,0,-1,-1,1,-1,2,-1,-1,6.16,1824
fenneclab/hugo-bin,147,326,9,1,1,0,0,0,0,0,0,0,0,-1,-1,6,-1,-1,-1,-1,1.05,1826
beakerbrowser/beaker,5571,8339,59,0,0,0,0,0,0,0,0,0,0,-1,-1,-1,1,-1,-1,-1,43.52,1832
outline/outline,2019,3150,62,1,0,0,0,0,0,0,0,0,0,-1,5,-1,-1,-1,-1,-1,47.23,1920
GPII/gpii-app,1535,2305,23,1,0,0,0,0,0,0,0,0,0,-1,-1,-1,-1,-1,-1,-1,6.14,1987
portainer/portainer,1773,2411,213,1,0,0,0,0,0,0,0,0,0,-1,-1,-1,-1,-1,-1,-1,76.12,2914
steemit/condenser,4049,5446,127,1,0,1,0,0,0,0,0,0,0,-1,0,-1,-1,-1,-1,-1,24.77,1768
GlobalFishingWatch/map-client,3394,3609,29,1,0,0,0,0,0,0,0,0,0,-1,-1,-1,-1,-1,-1,-1,84.16,1838
mapcentia/vidi,2239,3322,13,1,1,0,0,1,1,0,0,0,0,-1,-1,4,-1,-1,-1,-1,61.86,1839
nuxeo/doc.nuxeo.com,989,1180,18,1,0,0,0,0,0,0,0,0,0,-1,-1,-1,-1,-1,-1,-1,26.93,1767
zulip/zulip-mobile,4143,7128,89,1,0,1,0,0,0,0,0,0,0,-1,-1,-1,-1,-1,-1,-1,43.68,1850
orbitdb/orbit-db-store,218,354,24,1,0,0,0,0,0,0,0,0,0,-1,-1,-1,-1,-1,-1,-1,4.12,1850
luminati-io/luminati-proxy,646,1009,88,1,1,0,0,0,0,0,0,0,0,-1,-1,0,-1,-1,-1,-1,253.25,1874
processing/p5.js-web-editor,1309,2973,145,1,0,1,0,0,0,0,0,0,0,-1,-1,5,-1,-1,-1,-1,34.87,1854
iNavFlight/inav-configurator,3361,4089,116,1,0,0,0,0,0,0,0,0,0,-1,-1,-1,-1,-1,-1,-1,60.04,2975
Kong/insomnia,1937,2847,197,1,0,1,0,0,0,0,0,0,0,-1,-1,-1,-1,-1,-1,-1,120.83,1903
nextstrain/auspice,2758,4152,83,1,0,0,0,0,0,0,0,0,0,-1,-1,2,-1,-1,-1,-1,19.39,1865
Expensify/expensify-common,704,1452,82,1,0,0,0,0,0,0,0,0,0,-1,-1,-1,-1,-1,-1,-1,4.68,1866
origo-map/origo,475,1154,32,1,0,0,0,0,0,0,0,0,0,-1,-1,-1,-1,-1,-1,-1,25.87,1867
SynBioHub/synbiohub,2158,3128,27,1,0,0,0,0,0,0,0,0,0,-1,-1,-1,-1,-1,-1,-1,89.95,1861
ezpaarse-project/ezmesure,370,947,13,0,0,0,0,0,0,0,0,0,0,-1,-1,-1,-1,-1,-1,-1,15.66,1873
higlass/higlass,4640,4974,30,1,0,0,1,1,0,0,0,0,0,-1,-1,9,-1,-1,-1,-1,197.07,1970
ethereum/remix,2328,2877,56,1,0,0,0,0,0,0,0,0,0,-1,2,-1,-1,-1,-1,-1,17.72,1876
foxdonut/meiosis,598,1119,12,0,0,0,0,0,0,0,0,0,0,-1,-1,-1,-1,-1,-1,-1,40.55,1878
ExploreConsulting/netsuite-fasttrack-toolkit-ss2,392,517,7,1,0,1,0,0,0,0,0,0,0,-1,-1,-1,-1,-1,-1,-1,13.73,1880
ubergrape/grape-web-client,7351,8568,45,1,0,1,0,0,0,0,0,0,0,-1,-1,-1,-1,-1,-1,-1,48.18,2695
betaflight/blackbox-log-viewer,868,1098,47,1,0,0,0,0,0,0,0,0,0,-1,-1,1,-1,-1,-1,-1,157.67,2341
github/eslint-plugin-github,413,601,20,1,1,0,0,0,0,0,0,0,0,-1,-1,-1,-1,-1,-1,-1,2.05,1890
Xtraball/Siberian,1892,3431,7,1,0,0,0,0,0,0,0,0,0,-1,-1,-1,-1,-1,-1,-1,8919.04,1299
FooSoft/yomichan,1149,3508,19,0,0,0,0,0,0,0,0,0,0,-1,-1,-1,-1,-1,-1,-1,83.54,1902
orbitdb/ipfs-log,635,800,24,1,1,0,0,0,0,0,0,0,0,-1,6,-1,-1,-1,-1,-1,14.6,1901
ibi-group/datatools-ui,2206,2925,11,1,0,0,0,0,1,0,0,0,0,-1,-1,17,-1,-1,-1,-1,52.33,1901
dcos/dcos-website,3556,3636,60,1,0,0,0,0,0,0,0,0,0,-1,-1,0,-1,-1,-1,-1,321.58,1904
jhipster/jhipster-core,1309,1756,43,1,1,0,0,0,0,0,0,0,0,-1,-1,-1,-1,-1,-1,4,5.77,1909
BoostIO/Boostnote,4285,4727,297,1,0,1,0,0,0,0,0,0,0,-1,-1,1,-1,-1,-1,-1,20.28,2197
ShelterTechSF/askdarcel-web,717,993,55,1,1,0,0,0,0,0,0,0,0,-1,-1,2,-1,-1,-1,-1,22.0,1897
tsitu/MH-Tools,753,916,16,1,0,0,0,0,0,0,0,0,0,-1,-1,5,-1,-1,-1,-1,10.52,1919
cjdev/visual-stack,713,1375,60,1,0,0,0,0,0,0,0,0,0,-1,-1,-1,-1,-1,-1,-1,11.12,1917
mathcoll/t6,1374,2143,4,1,0,0,0,0,0,0,0,0,0,-1,-1,-1,-1,-1,-1,-1,91.71,1920
trendscenter/coinstac,1792,3144,21,1,0,0,0,0,0,0,0,0,0,-1,-1,-1,-1,-1,-1,-1,431.93,1923
Qbix/Platform,4237,6894,13,0,0,0,0,0,0,0,0,0,0,-1,-1,-1,-1,-1,-1,-1,201.91,1926
dherault/serverless-offline,1051,2889,239,1,0,0,0,0,0,0,0,0,0,-1,-1,-1,-1,-1,-1,-1,53.07,1930
qooxdoo/qooxdoo-compiler,898,1440,28,1,0,0,0,0,0,0,0,0,0,-1,-1,-1,-1,-1,-1,-1,24.7,1934
ManageIQ/manageiq-ui-service,3968,4262,49,1,1,0,0,1,0,0,0,0,0,-1,-1,6,-1,-1,-1,-1,18.22,2132
inlife/nexrender,429,979,64,1,1,0,0,0,0,0,0,0,0,-1,-1,0,-1,-1,-1,-1,7.46,1937
react-atomic/react-atomic-organism,1197,1874,3,1,0,0,0,0,0,0,0,0,0,-1,-1,9,-1,-1,-1,-1,24.39,1946
davidmerfield/Blot,4504,6717,9,1,0,0,1,0,0,0,0,0,0,-1,-1,-1,-1,-1,-1,-1,3225.6,1950
mjmlio/mjml,1806,2301,143,1,0,0,0,0,0,0,0,0,0,-1,-1,-1,-1,-1,-1,-1,10.69,1950
jitsi/lib-jitsi-meet,2016,2609,105,1,0,0,0,1,0,0,0,0,0,-1,-1,-1,-1,-1,-1,-1,16.43,1951
artf/grapesjs,2460,3721,122,1,0,1,0,0,0,0,0,0,0,-1,-1,0,-1,-1,-1,-1,102.28,1963
ncbi/icn3d,299,829,5,1,0,0,0,0,0,0,0,0,0,-1,-1,-1,-1,-1,-1,-1,335.43,1959
gbif/portal16,4890,6113,21,1,0,0,0,1,0,0,0,0,0,-1,-1,-1,-1,-1,-1,-1,49.89,1960
okonet/lint-staged,480,775,102,1,0,1,0,0,0,0,0,0,0,-1,-1,-1,-1,-1,-1,-1,5.65,1963
comindware/core-ui,3302,5068,51,1,0,0,0,1,1,0,0,0,0,-1,-1,4,-1,-1,-1,-1,118.16,2202
tinode/tinode-js,348,576,10,1,0,0,0,0,0,0,0,0,0,-1,-1,-1,-1,-1,-1,-1,24.95,1971
tinode/webapp,564,907,16,1,0,0,0,0,0,0,0,0,0,-1,-1,-1,-1,-1,-1,-1,94.51,1978
xiaoqiang-zhao/my-cellar,1366,1919,6,1,0,0,0,0,0,0,0,0,0,-1,-1,-1,-1,-1,-1,-1,210.78,1978
kitspace/kitspace,1334,1782,60,1,1,0,0,0,0,0,0,0,0,-1,-1,36,-1,-1,-1,-1,26.54,2202
rjsf-team/react-jsonschema-form,677,1010,227,1,0,0,0,0,0,0,0,0,0,-1,-1,-1,-1,-1,-1,-1,247.4,1993
visgl/deck.gl,2394,3650,157,1,0,0,0,0,0,0,0,0,0,-1,-1,-1,-1,-1,-1,-1,520.99,1992
i18next/react-i18next,926,1358,157,1,0,1,0,0,0,0,0,0,0,-1,2,-1,-1,-1,-1,-1,13.11,1997
imba/imba.io,152,770,27,1,0,0,0,0,0,0,0,0,0,-1,-1,-1,-1,-1,-1,-1,17.46,1999
SAPDocuments/Tutorials,5288,8816,242,1,0,0,0,0,0,0,0,0,0,-1,4,-1,-1,-1,-1,-1,4884.48,1971
FelixHenninger/lab.js,1509,2213,14,1,0,0,0,0,0,0,0,0,0,-1,-1,-1,-1,-1,-1,-1,21.46,2001
entrylabs/entry-hw,1180,2590,128,1,0,0,0,0,0,0,0,0,0,-1,-1,-1,0,0,-1,-1,424.12,2007
fedspendingtransparency/data-act-broker-web-app,3280,4920,46,1,0,1,0,0,0,0,0,0,0,-1,-1,3,-1,-1,-1,-1,15.91,2007
moment/luxon,801,979,144,1,0,1,0,0,0,0,0,0,0,-1,-1,1,-1,-1,-1,-1,95.42,2009
tudvari/dockerfile-generator,103,272,5,1,1,0,0,0,0,0,0,0,0,-1,-1,-1,-1,-1,-1,-1,0.82,2029
pangolinjs/core,768,1047,3,1,0,0,0,0,0,0,0,0,0,-1,-1,-1,-1,-1,-1,-1,14.38,2011
CoorpAcademy/components,4486,5493,66,1,0,0,0,0,0,0,0,0,0,-1,-1,25,-1,-1,-1,-1,37.07,2008
okta/okta-signin-widget,497,1156,120,1,0,0,0,1,0,0,0,0,0,-1,-1,13,-1,-1,-1,-1,117.53,2021
ComPlat/chemotion_ELN,3737,4748,47,1,1,0,0,0,0,0,0,0,0,-1,-1,3,-1,-1,16,-1,37.82,2174
transloadit/uppy,6760,8130,300,1,0,1,0,0,0,0,0,0,0,-1,-1,-1,-1,-1,-1,-1,381.88,2023
suxxes/abroadunderhood,1367,1635,7,1,1,0,0,0,0,0,0,0,0,-1,-1,0,-1,-1,-1,-1,589.77,2023
FrontEndHappyHour/frontendhappyhour.github.io,706,956,17,0,0,0,0,0,0,0,0,0,0,-1,-1,-1,-1,-1,-1,-1,46.02,2025
makeomatic/ms-users,443,599,19,1,1,0,0,0,0,0,0,0,0,-1,-1,-1,-1,-1,-1,-1,5.77,2030
sensorsdata/sa-sdk-javascript,224,328,15,1,0,0,0,0,0,0,0,0,0,-1,-1,-1,-1,-1,-1,-1,12.31,2033
StataBS/indikatoren,2784,3598,26,1,0,0,0,0,0,0,0,0,0,-1,-1,0,-1,-1,-1,-1,204.69,2033
TheSench/SIMSpellstone,1547,1827,7,1,0,0,0,0,0,0,1,0,0,-1,-1,-1,-1,-1,-1,-1,1320.96,2037
Adslot/adslot-ui,1054,1552,61,1,0,0,0,0,0,0,0,0,0,-1,-1,-1,-1,-1,-1,-1,77.01,2041
owncloud/contacts,864,959,52,1,1,0,0,1,0,0,0,0,0,-1,-1,-1,-1,-1,-1,-1,3.57,2044
olifolkerd/tabulator,1922,2914,78,1,0,0,0,0,0,0,0,0,0,-1,-1,-1,-1,-1,-1,-1,65.3,2046
biud436/MV,1533,2156,4,0,0,0,0,0,0,0,0,0,0,-1,-1,-1,-1,-1,-1,-1,296.22,2053
remoteintech/remote-jobs,860,1263,579,1,1,0,0,0,0,0,0,0,0,-1,-1,-1,-1,-1,-1,-1,3.72,2058
OHIF/Viewers,2522,4383,85,1,0,0,0,0,0,0,0,0,0,-1,81,-1,-1,-1,-1,-1,267.64,2057
CANDY-LINE/candy-red,1300,1660,2,1,1,0,0,0,0,0,0,0,0,-1,-1,6,-1,-1,-1,-1,3.7,2059
formio/formio,2311,3209,60,1,1,0,0,0,0,0,0,0,0,-1,2,-1,-1,-1,-1,-1,10.32,2059
o2team/o2team.github.io,588,828,100,0,0,0,0,0,0,0,0,0,0,-1,-1,-1,-1,-1,-1,-1,20.62,1776
pfitzpaddy/ngm-reportHub,1652,2624,12,1,0,0,0,0,0,0,0,0,0,-1,-1,0,-1,-1,-1,-1,73.09,2090
mattermost/desktop,1821,2061,85,1,1,0,0,0,0,0,0,0,0,-1,21,-1,-1,-1,-1,-1,36.45,2064
digidem/mapeo-mobile,257,656,10,1,0,1,0,0,0,0,0,0,0,-1,-1,-1,-1,-1,-1,-1,95.64,829
visgl/react-map-gl,575,790,134,1,0,0,0,0,0,0,0,0,0,-1,-1,-1,-1,-1,-1,-1,31.96,2063
twreporter/twreporter-react,3085,4290,42,1,1,0,0,0,1,0,0,0,0,-1,18,-1,-1,-1,-1,-1,168.3,2063
quasarframework/quasar,5215,10011,454,0,0,0,0,0,0,0,0,0,0,-1,-1,-1,-1,-1,-1,-1,329.17,2065
AMPATH/etl-rest-server,1407,1759,53,1,0,0,0,0,0,0,0,0,0,-1,-1,6,-1,-1,-1,-1,9.85,2233
cibernox/ember-power-select,1930,2134,149,1,1,0,0,0,0,0,0,0,0,-1,-1,-1,-1,-1,-1,-1,12.99,2076
iTowns/itowns,2085,2622,44,1,1,0,0,0,1,0,0,0,0,-1,-1,-1,-1,-1,-1,-1,78.47,2076
single-spa/single-spa,481,628,46,1,0,1,0,0,0,0,0,0,0,-1,-1,-1,-1,-1,-1,-1,7.36,2078
First-Peoples-Cultural-Council/fv-web-ui,2230,3661,36,0,0,0,0,0,0,0,0,0,0,-1,-1,-1,-1,-1,-1,-1,140.0,2181
silverstripe/silverstripe-asset-admin,1439,1738,59,1,0,0,0,0,0,0,0,0,0,-1,-1,17,-1,-1,-1,-1,14.63,1956
flow-typed/flow-typed,2385,2946,931,0,0,0,0,0,0,0,0,0,0,-1,-1,-1,-1,-1,-1,-1,13.67,2083
camunda/camunda-modeler,1533,2447,36,1,1,0,0,0,0,0,0,0,0,-1,-1,19,-1,-1,-1,-1,42.38,2082
davidmintz/court-interpreters-office,3976,5437,8,0,0,0,0,0,0,0,0,0,0,-1,-1,11,-1,-1,-1,-1,26.97,2092
sugarlabs/musicblocks,5456,8297,174,1,0,0,0,0,0,0,0,0,0,-1,-1,-1,-1,-1,-1,-1,216.87,2191
MetaMask/metamask-extension,9046,11945,252,1,1,0,0,0,0,0,0,0,1,-1,66,-1,-1,-1,-1,-1,367.99,2131
salesforce-ux/design-system,8914,10070,82,1,0,1,0,0,1,0,0,0,0,-1,-1,-1,-1,-1,-1,-1,50.37,2096
Viglino/ol-ext,1478,2443,68,1,0,0,0,0,0,0,0,0,0,-1,-1,-1,-1,-1,-1,-1,101.72,2102
mParticle/mparticle-web-sdk,356,626,19,1,1,0,0,1,0,0,0,0,0,-1,-1,3,-1,-1,-1,-1,7.11,2103
jquense/react-big-calendar,509,619,195,1,0,1,0,0,0,0,0,0,0,-1,-1,1,-1,-1,-1,-1,64.51,2110
kuzzleio/kuzzle,5359,6359,62,1,1,0,0,0,0,0,0,0,0,-1,-1,-1,-1,-1,-1,-1,36.52,2250
facebook/relay,3678,6691,588,1,0,1,0,0,0,0,0,0,0,-1,-1,-1,-1,-1,-1,-1,5120.0,2120
kuzzleio/sdk-javascript,1507,1962,51,1,1,0,0,0,0,0,0,0,0,-1,-1,-1,-1,-1,-1,-1,38.47,2194
guardian/facia-tool,14341,16156,167,1,0,0,0,1,0,0,0,0,0,-1,-1,-1,-1,-1,-1,-1,364.61,3388
redux-form/redux-form,1920,2057,377,1,0,1,0,0,0,0,0,0,0,-1,-1,1,-1,-1,-1,-1,10.42,2131
informatics-isi-edu/ermrestjs,2433,2759,28,1,0,0,1,0,0,0,0,0,0,-1,-1,-1,-1,-1,-1,-1,8.06,2138
ProjectSidewalk/SidewalkWebpage,4054,6601,70,1,0,0,0,0,0,0,0,0,0,-1,-1,-1,-1,-1,-1,-1,1054.72,2145
prebid/Prebid.js,2620,4794,927,1,1,0,0,1,0,0,0,0,0,-1,8,-1,-1,-1,-1,-1,68.93,2143
reduxjs/react-redux,718,910,249,1,0,1,0,0,0,0,0,0,0,-1,-1,-1,-1,-1,-1,-1,8.95,2151
Opentrons/opentrons,5527,7778,62,1,0,1,0,0,0,0,0,0,0,-1,-1,-1,-1,-1,-1,-1,311.9,2156
FormidableLabs/spectacle,757,1107,146,1,0,0,0,0,0,0,0,0,0,-1,-1,-1,-1,-1,-1,-1,112.09,2165
trufflesuite/truffle,6240,12013,231,1,0,0,0,0,0,0,0,0,0,-1,-1,19,-1,-1,-1,-1,184.25,2169
aquasecurity/cloudsploit,324,839,55,1,1,0,0,0,0,0,0,0,0,-1,-1,2,-1,-1,-1,-1,22.68,2163
naptha/tesseract.js,393,625,64,1,1,0,0,0,0,0,0,0,0,-1,-1,-1,-1,-1,-1,-1,106.54,2166
ssbc/patchwork,1597,2162,100,1,0,0,0,0,0,0,0,0,0,-1,-1,-1,-1,-1,-1,-1,22.4,1677
mesosphere/reactjs-components,1748,1797,36,1,0,0,0,0,0,0,0,0,0,-1,-1,0,-1,-1,-1,-1,5.68,2169
processing/p5.js-website,1330,2416,184,1,0,0,0,0,0,0,0,0,0,-1,-1,-1,-1,-1,-1,-1,447.61,2170
entrylabs/entryjs,7979,10892,168,1,1,1,0,1,0,0,0,0,0,-1,-1,-1,-1,0,-1,-1,547.64,2170
ngageoint/hootenanny-ui,10382,10666,289,1,1,0,0,1,0,0,0,0,0,-1,-1,0,-1,3,-1,-1,237.01,3246
catarse/catarse.js,4424,5546,25,1,0,0,0,1,1,0,0,0,0,-1,10,0,-1,-1,-1,-1,125.87,2180
matrix-org/matrix-react-sdk,15755,33358,708,1,0,0,0,0,0,0,0,0,0,-1,-1,-1,-1,-1,-1,-1,299.74,2183
bids-standard/bids-validator,1955,3090,66,1,0,0,0,0,0,0,0,0,0,-1,-1,-1,-1,-1,-1,-1,32.6,2183
hyperledger/burrow,2117,2702,58,0,0,0,0,0,0,0,0,0,0,-1,-1,-1,-1,-1,-1,-1,46.33,2184
rtfeldman/node-test-runner,1007,1199,56,1,1,0,0,0,0,0,0,0,0,-1,-1,-1,-1,-1,-1,-1,8.4,2185
nasa/openmct,5620,6798,85,1,0,0,0,1,0,0,0,0,0,-1,3,-1,-1,-1,-1,-1,81.45,2408
Tencent/omi,4778,6586,86,0,0,0,0,0,0,0,0,0,0,-1,-1,-1,-1,-1,-1,-1,145.87,2192
wfp/ui,1239,2173,18,1,0,1,0,0,0,0,0,0,0,-1,-1,2,-1,-1,-1,-1,67.98,2317
baukh789/GridManager,1001,1412,12,1,0,0,0,1,0,0,0,0,0,-1,-1,4,-1,-1,-1,-1,10.11,2201
RocketChat/Rocket.Chat,16756,19901,841,1,1,0,0,0,0,0,0,0,0,-1,-1,-1,-1,-1,-1,-1,789.37,2204
tradle/tim,7752,8615,4,1,1,0,0,0,0,0,0,0,0,-1,-1,-1,-1,-1,-1,-1,228.8,2208
ow2-proactive/studio,1532,1723,66,1,0,0,0,0,0,1,0,0,0,-1,-1,-1,-1,-1,-1,-1,80.6,2799
rollup/rollup,3693,4604,284,1,1,0,0,0,0,0,0,0,0,-1,-1,-1,-1,-1,-1,-1,28.2,2209
UDA-EJIE/udaRUP,1856,2708,26,1,0,0,1,1,0,0,0,0,0,-1,-1,0,-1,-1,-1,-1,112.91,2212
FreeFeed/freefeed-server,2850,3622,25,1,1,0,0,0,0,0,0,0,0,-1,-1,-1,-1,-1,-1,-1,18.06,2274
particle-iot/docs,4891,5846,246,1,1,0,0,0,0,0,0,0,0,-1,-1,1,-1,-1,-1,-1,2467.84,2785
Vincit/objection.js,1653,1943,143,1,1,0,0,0,0,0,0,0,0,-1,-1,7,-1,-1,-1,-1,21.84,2239
LedgerHQ/ledgerjs,875,1426,84,1,0,0,0,0,0,0,0,0,0,-1,-1,-1,-1,-1,-1,-1,31.09,2239
codefresh-io/cli,526,794,47,1,0,1,0,0,0,0,0,0,0,-1,-1,-1,-1,-1,-1,-1,23.44,2241
stellar/js-stellar-sdk,588,767,66,1,1,0,0,1,0,0,0,0,0,-1,-1,3,-1,-1,-1,-1,14.21,2243
Caltech-IPAC/firefly,6299,7198,38,1,0,1,0,0,0,0,0,0,0,-1,-1,-1,-1,-1,-1,-1,257.64,3056
zestia/ember-twitter-entities,153,279,5,1,0,0,0,0,0,0,0,0,0,-1,-1,14,-1,-1,-1,-1,4.94,2249
department-of-veterans-affairs/vets-website,10995,17251,265,1,1,1,0,0,1,1,0,0,0,-1,-1,-1,-1,38,-1,-1,269.45,2253
grommet/grommet,4626,5833,291,1,0,1,0,0,0,0,0,0,0,-1,8,-1,-1,-1,-1,-1,316.33,2267
TeamFleet/WhoCallsTheFleet,1292,1371,2,1,0,0,0,0,0,0,0,0,0,-1,-1,-1,-1,-1,-1,-1,6522.88,2269
avwo/whistle,8171,9799,29,1,0,0,0,0,0,0,0,0,0,-1,-1,4,-1,-1,-1,-1,72.9,2271
CoderDojo/cp-zen-platform,3572,3755,77,1,0,0,0,0,0,0,0,0,0,-1,2,-1,-1,-1,-1,-1,13.64,2271
AdguardTeam/AdguardBrowserExtension,3878,4618,40,1,0,0,0,0,0,0,0,0,0,-1,-1,-1,-1,-1,-1,-1,149.79,2273
aurelia/cli,1386,1615,102,1,0,0,1,0,0,0,0,0,0,-1,-1,-1,-1,-1,-1,-1,3.81,2273
matrix-org/matrix-js-sdk,3617,6185,84,1,0,0,0,0,0,0,0,0,0,-1,-1,-1,-1,-1,-1,-1,212.25,2280
ChromeDevTools/debugger-protocol-viewer,832,1216,20,1,0,0,0,0,0,0,0,0,0,-1,-1,-1,-1,-1,-1,-1,10.94,2282
trezor/connect,1796,2471,47,1,0,0,0,0,0,0,0,0,0,-1,-1,-1,-1,-1,17,-1,36.08,1186
ONSdigital/florence,8076,8733,41,0,0,0,0,0,0,0,0,0,0,-1,-1,-1,-1,-1,-1,-1,634.36,2296
thoughtworks/tramchester,710,1968,11,0,0,0,0,0,0,0,0,0,0,-1,28,-1,-1,-1,-1,-1,500.48,2308
inventaire/inventaire,2847,4362,16,1,1,0,0,0,0,0,0,0,0,-1,-1,-1,-1,-1,-1,-1,12.02,2547
streamr-dev/streamr-client-javascript,194,1345,24,1,0,1,0,0,0,0,0,0,0,-1,-1,-1,-1,-1,-1,-1,7.22,2316
CometVisu/CometVisu,4797,5801,54,1,0,0,0,1,0,0,0,0,0,-1,-1,-1,-1,-1,-1,-1,478.37,3870
ofrohn/d3-celestial,318,506,10,1,0,0,0,0,0,0,0,0,0,-1,-1,-1,-1,-1,-1,-1,194.58,2332
bookbrainz/bookbrainz-site,2859,4385,79,1,1,0,0,0,0,0,0,0,0,-1,-1,7,-1,-1,-1,-1,36.78,2389
Flexberry/ember-flexberry,5218,5560,60,1,0,0,0,0,0,0,0,0,0,-1,-1,-1,-1,-1,-1,-1,54.94,2247
rancher/ui,8569,11219,143,1,0,0,0,0,0,0,0,0,0,-1,-1,-1,-1,-1,-1,-1,68.17,2357
irislib/iris-lib,478,854,5,1,0,1,0,0,0,0,0,0,0,-1,-1,3,-1,-1,0,-1,17.19,2361
aurelia/framework,741,814,113,1,0,0,0,1,0,0,0,0,0,-1,0,-1,-1,-1,-1,-1,2.92,2364
react-materialize/react-materialize,1294,1851,100,1,0,1,0,0,0,0,0,0,0,-1,-1,-1,-1,-1,-1,-1,21.23,2370
rapidpro/rapidpro,14757,19849,61,1,0,0,0,0,0,0,0,0,0,-1,-1,-1,-1,-1,-1,-1,275.63,2380
congrea/virtualclass,3520,5604,33,1,0,0,0,0,0,0,0,0,0,-1,-1,-1,-1,-1,-1,-1,107.77,2386
odf/webGavrog,2173,3111,3,1,0,0,0,0,0,0,0,0,0,-1,-1,-1,-1,-1,-1,-1,3.33,2389
shadowsocks/shadowsocks-manager,2115,2414,34,1,0,0,0,0,0,0,0,0,0,-1,-1,-1,-1,-1,-1,-1,16.03,2390
thabz/Kalliope,8093,9056,37,1,0,1,0,0,0,0,0,0,0,-1,-1,0,-1,-1,-1,-1,1105.92,7454
alan-wu/ZincJS,173,433,6,1,0,0,0,0,0,0,0,0,0,-1,-1,-1,-1,-1,-1,-1,49.84,2391
babel/website,2946,3304,672,1,0,0,0,0,0,0,0,0,0,-1,-1,-1,-1,-1,-1,-1,29.59,2395
cla-assistant/cla-assistant,1008,1313,63,1,1,0,0,1,0,0,0,0,0,-1,-1,-1,-1,-1,-1,-1,11.07,2399
mermaid-js/mermaid,1071,3586,271,1,0,1,0,0,1,0,0,0,0,-1,-1,8,-1,-1,-1,-1,221.55,2402
lhncbc/lforms,1427,2144,16,1,1,0,0,1,0,0,0,0,0,-1,-1,-1,-1,-1,-1,-1,16.51,2414
StraboSpot/strabo-mobile,1831,2116,13,1,0,0,0,0,0,0,0,0,0,-1,-1,-1,-1,-1,-1,-1,55.38,2413
netlify/cli,894,2766,122,1,0,0,0,0,0,0,0,0,0,-1,-1,-1,-1,-1,-1,-1,174.97,2425
leancloud/docs,5735,7660,126,1,1,0,0,0,0,0,0,0,0,-1,-1,0,-1,-1,-1,-1,80.79,2424
date-fns/date-fns,1119,1699,330,1,1,0,0,1,0,0,0,0,0,-1,-1,-1,-1,-1,-1,-1,21.66,2429
ChainSafe/web3.js,1980,3271,270,1,0,0,0,0,0,0,0,0,0,-1,-1,-1,-1,-1,-1,-1,128.96,2435
Kloudless/file-picker,300,670,35,1,0,0,0,0,0,0,0,0,0,-1,-1,-1,-1,-1,-1,-1,7.78,2442
openstax/tutor-js,14178,18134,34,1,0,1,0,0,0,0,0,0,0,-1,-1,-1,-1,-1,-1,-1,62.13,2503
noobaa/noobaa-core,9861,11211,44,1,0,0,0,0,0,0,0,0,0,-1,-1,-1,-1,-1,-1,-1,68.05,2454
joyent/sdcadm,1070,1117,33,1,0,0,0,0,0,0,0,0,0,-1,-1,-1,-1,-1,-1,-1,5.09,2678
joyent/sdc-manta,105,187,29,1,0,0,0,0,0,0,0,0,0,-1,-1,-1,-1,-1,-1,-1,1.7,2468
JedWatson/react-select,3255,3852,474,1,0,0,0,0,0,0,0,0,0,-1,8,-1,-1,-1,-1,-1,19.65,2470
griffithlab/civic-client,3239,3856,27,1,1,0,0,1,0,0,0,0,0,-1,-1,-1,-1,-1,-1,-1,29.2,2490
aredotna/ervell,6855,8107,19,1,1,1,0,0,0,0,0,0,0,-1,-1,3,-1,-1,-1,-1,58.36,2495
kenrick95/twinkle,1566,2212,62,1,0,0,0,0,0,0,0,0,0,-1,-1,1,-1,-1,-1,-1,4.52,3740
gaearon/react-hot-loader,1653,1885,241,1,0,1,0,0,0,0,0,0,0,-1,-1,0,-1,-1,-1,-1,9.35,2514
SVG-Edit/svgedit,2502,3541,82,1,0,0,0,0,0,0,0,0,0,-1,-1,-1,-1,-1,-1,-1,114.73,4497
ONRR/doi-extractives-data,9522,10856,47,1,0,1,0,0,0,0,0,0,0,-1,0,-1,-1,-1,-1,-1,504.69,2243
ctrlo/GADS,3360,4343,15,1,0,0,0,0,0,0,0,0,0,-1,-1,-1,-1,-1,-1,-1,32.37,2519
linagora/openpaas-esn,12052,12776,198,1,1,0,0,1,0,0,0,0,0,-1,-1,-1,-1,-1,20,-1,39.19,2716
epochtalk/epochtalk,2613,4360,15,1,1,0,0,0,0,0,0,0,0,-1,16,-1,-1,-1,-1,-1,19.6,2688
binary-com/binary-static,25580,28804,150,1,1,0,0,0,0,0,0,0,0,-1,-1,-1,-1,-1,-1,-1,3532.8,1834
Hacker0x01/react-datepicker,1423,2414,343,1,1,0,0,1,0,0,0,0,0,-1,-1,-1,-1,-1,-1,-1,67.83,2535
lamassu/lamassu-machine,1407,1771,33,1,0,0,0,0,0,0,0,0,0,-1,-1,-1,-1,-1,-1,-1,56.84,2540
ezpaarse-project/ezpaarse-platforms,1472,2123,46,0,0,0,0,0,0,0,0,0,0,-1,-1,3,-1,-1,-1,-1,105.5,2569
isaacphysics/isaac-app,4296,4494,22,1,0,0,0,0,0,0,0,0,0,-1,-1,-1,-1,-1,-1,-1,33.48,2569
inventaire/inventaire-client,4240,5454,13,1,1,0,0,0,0,0,0,0,0,-1,-1,-1,-1,-1,-1,-1,18.45,2570
eclipsesource/tabris-js,2517,2783,30,1,1,0,0,0,0,0,0,0,0,-1,-1,1,-1,-1,-1,-1,30.1,2575
playcanvas/engine,8051,9220,101,1,1,0,0,1,0,0,0,0,0,-1,-1,-1,-1,-1,-1,-1,169.29,3507
codevise/pageflow,2881,4703,23,0,0,0,0,0,0,0,0,0,0,-1,-1,-1,-1,-1,-1,-1,27.38,2583
swagger-api/swagger-editor,3117,3625,120,1,1,0,0,0,0,0,1,0,0,-1,-1,-1,-1,-1,-1,-1,1075.2,2586
brownplt/code.pyret.org,1775,2112,31,1,1,0,0,0,0,0,0,0,1,-1,-1,10,-1,-1,-1,-1,12.13,2591
avalanche-canada/ac-web,4959,5963,33,1,0,0,0,0,0,0,0,0,0,-1,-1,-1,-1,-1,-1,-1,36.07,3028
cornerstonejs/cornerstoneTools,2768,3018,93,1,0,1,0,0,0,0,0,0,0,-1,2,-1,-1,-1,-1,-1,65.63,2615
NorthwoodsSoftware/GoJS,227,325,7,1,0,0,0,0,0,0,0,0,0,-1,-1,-1,-1,-1,-1,-1,104.55,2616
jwplayer/jwplayer,9011,10071,94,1,1,0,0,1,1,0,0,0,0,-1,-1,6,-1,-1,-1,-1,92.74,3332
oskariorg/oskari-docs,909,1430,33,1,0,0,0,0,0,0,0,0,0,-1,-1,-1,-1,-1,-1,-1,102.83,2681
adsabs/bumblebee,2978,3701,27,1,1,0,0,0,1,0,0,0,0,-1,-1,-1,-1,-1,-1,-1,48.64,2656
mWater/mwater-forms,1747,1928,11,1,1,0,0,0,0,0,0,0,0,-1,-1,-1,-1,-1,-1,-1,7.98,2658
RunestoneInteractive/RunestoneComponents,1689,2694,63,0,0,0,0,0,0,0,0,0,0,-1,-1,-1,-1,-1,-1,-1,38.4,2659
cure53/DOMPurify,925,1452,81,1,0,0,0,1,0,0,0,0,0,-1,-1,-1,-1,-1,-1,-1,7.66,2660
overleaf/web,8396,10169,60,1,0,0,0,1,0,0,0,0,0,-1,-1,-1,-1,-1,-1,-1,80.82,5205
overleaf/document-updater,583,975,28,1,1,0,0,0,0,0,0,0,0,-1,-1,-1,-1,-1,-1,-1,2.41,2665
openaddresses/openaddresses,8267,10133,196,1,0,0,0,0,0,0,0,0,0,-1,2,-1,-1,-1,-1,-1,18.95,2671
wikimedia/mediawiki-extensions-Popups,2033,2539,97,1,0,0,0,0,0,0,0,0,0,-1,-1,-1,-1,-1,-1,-1,14.65,2671
LearningLocker/learninglocker,3132,3241,54,1,1,1,0,0,0,0,0,0,0,-1,5,-1,-1,-1,-1,-1,23.24,2679
nrenner/brouter-web,454,927,24,1,0,0,0,0,0,0,0,0,0,-1,-1,1,-1,-1,-1,-1,15.5,2681
dondi/GRNsight,2087,2767,39,1,1,0,0,0,0,0,0,0,0,-1,-1,0,-1,-1,-1,-1,336.03,2685
OpenKnowledgeMaps/Headstart,2108,3888,21,1,0,0,0,0,0,0,0,0,0,-1,-1,-1,-1,-1,-1,-1,55.24,2693
tidepool-org/blip,4518,6759,46,1,1,0,0,1,0,0,0,0,0,-1,-1,17,-1,-1,-1,-1,63.4,2705
eslint/website,1065,1980,138,1,0,0,0,0,0,0,0,0,0,-1,-1,-1,-1,-1,-1,-1,32.86,2696
vuejs/vuejs.org,2611,2923,679,1,0,0,0,0,0,0,0,0,0,-1,-1,-1,-1,-1,-1,-1,51.92,2704
CalderaWP/Caldera-Forms,3778,4341,74,1,0,1,0,0,0,0,0,0,0,-1,-1,-1,-1,-1,-1,-1,103.53,2703
SortableJS/Sortable,964,1055,173,1,0,0,0,0,0,0,0,0,0,-1,-1,-1,-1,-1,-1,-1,2.6,2720
bitpay/bitcore,12772,15290,227,1,0,0,0,0,0,0,0,0,0,-1,7,-1,-1,-1,-1,-1,110.68,2888
jitsi/jitsi-meet,6257,8640,448,1,0,0,0,0,0,0,0,0,0,-1,-1,2,-1,-1,-1,-1,257.85,2723
paulrosen/abcjs,1127,2204,29,1,0,0,0,0,0,0,0,0,0,-1,-1,-1,-1,-1,-1,-1,60.79,4187
devinit/D-Portal,5342,7211,12,0,0,0,0,0,0,0,0,0,0,-1,-1,-1,-1,-1,-1,-1,341.1,2716
vuejs/vue-router,931,1314,272,1,0,0,1,0,0,1,0,0,0,-1,7,-1,-1,-1,-1,-1,11.0,1791
SAP/openui5,48793,71073,552,1,1,0,0,0,0,0,0,0,1,-1,-1,1,-1,-1,-1,-1,959.4,2426
cleanflight/cleanflight-configurator,4231,5271,183,1,1,0,0,1,0,0,0,0,0,-1,-1,3,-1,-1,-1,14,36.31,2975
DanmarksAdresser/Dawa,3099,3520,10,1,1,0,0,0,0,0,0,0,0,-1,-1,-1,-1,-1,-1,-1,49.5,2847
jhipster/jhipster.github.io,2957,3966,319,0,0,0,0,0,0,0,0,0,0,-1,-1,-1,-1,-1,-1,-1,200.72,2740
wikimedia/oojs-ui,6557,7288,110,1,0,0,0,1,0,0,0,0,0,-1,-1,-1,-1,-1,-1,-1,17.01,3498
OpenUserJS/OpenUserJS.org,2741,2925,25,1,0,0,0,0,0,0,0,0,0,-1,-1,-1,-1,-1,-1,-1,9.32,2763
cockpit-project/cockpit,12272,16277,183,1,0,0,0,0,0,0,0,0,0,-1,-1,-1,-1,-1,-1,-1,168.74,2768
jhipster/generator-jhipster,18421,31173,891,1,1,0,0,0,0,0,0,0,0,-1,-1,-1,-1,9,-1,71,153.72,2779
bbc/peaks.js,702,1091,44,1,1,0,0,1,0,0,0,0,0,-1,-1,-1,-1,-1,-1,-1,95.42,2786
brion/ogv.js,1408,1495,12,1,0,0,0,0,0,0,0,0,0,-1,-1,-1,-1,-1,-1,-1,16.87,2926
ionic-team/ionic-site,10427,11794,331,1,0,0,0,0,0,0,0,0,0,-1,-1,-1,-1,-1,-1,-1,1413.12,2800
riot/riot,3441,3749,204,1,1,0,0,1,0,0,0,0,0,-1,-1,-1,-1,-1,-1,-1,22.3,2803
node-red/node-red-nodes,1126,1479,111,1,1,0,0,0,0,0,0,0,0,-1,-1,8,-1,-1,-1,-1,4.18,2804
enketo/enketo-core,1530,1902,24,1,0,0,0,1,0,0,0,0,0,-1,-1,2,-1,-1,-1,-1,15.66,2819
raineorshine/npm-check-updates,735,1467,91,1,1,0,0,0,0,0,0,0,0,-1,-1,-1,-1,-1,-1,-1,5.91,2824
violentmonkey/violentmonkey,1144,1873,70,1,0,0,0,0,0,0,0,0,0,-1,-1,-1,-1,-1,-1,-1,15.6,2827
sitespeedio/browsertime,2913,4191,45,1,1,0,0,0,0,0,0,0,1,-1,-1,-1,-1,-1,-1,-1,124.34,2839
openglobus/openglobus,1950,2574,15,1,0,0,0,0,0,0,0,0,0,-1,-1,-1,-1,-1,-1,-1,123.33,2826
glennjones/hapi-swagger,786,969,156,1,0,0,0,0,0,0,0,0,0,-1,-1,-1,-1,-1,-1,-1,8.57,2856
vuejs/vue,3017,3176,345,1,0,0,1,1,1,1,0,0,0,-1,0,-1,-1,-1,-1,-1,32.81,1877
ShieldBattery/ShieldBattery,1372,2250,15,1,0,0,0,0,0,0,0,0,0,-1,-1,1,-1,-1,-1,-1,246.41,2978
sandialabs/slycat,6065,7517,34,1,0,1,0,0,0,0,0,0,0,-1,-1,1,-1,-1,-1,-1,368.25,2880
OptimalBits/bull,1717,1958,204,1,1,0,0,0,0,0,0,0,0,-1,-1,-1,-1,-1,-1,-1,4.05,2895
satorumurmur/bibi,800,1144,15,1,0,0,0,0,0,0,0,0,0,-1,-1,-1,-1,-1,-1,-1,8.15,2904
toggl/toggl-button,2337,2792,249,1,0,0,0,0,0,0,0,0,0,-1,-1,2,-1,-1,-1,-1,11.58,2919
opengaming/osgameclones,2071,2905,225,1,0,0,0,0,0,0,0,0,0,-1,-1,10,-1,-1,-1,-1,5.6,3652
facebook/react,10992,14184,1648,1,0,1,0,0,0,0,0,0,0,-1,53,-1,0,-1,-1,-1,349.45,2924
chartjs/Chart.js,2742,3935,401,1,0,0,1,1,0,0,0,0,0,-1,-1,-1,-1,-1,-1,-1,42.73,2997
mapbox/mapbox-gl-js,8719,9691,359,1,0,0,0,0,0,0,0,0,0,-1,30,-1,-1,-1,-1,-1,440.34,2896
processing/p5.js,6629,8979,556,1,1,0,0,0,1,0,0,0,0,-1,-1,-1,-1,-1,-1,-1,83.5,3017
mbloch/mapshaper,2206,2601,6,1,1,0,0,0,0,0,0,0,0,-1,-1,3,-1,-1,-1,-1,127.86,3023
twilio/twilio-node,824,1067,107,1,0,0,1,0,0,0,0,0,0,-1,-1,12,-1,-1,-1,-1,44.24,3870
pombase/canto,7864,9249,9,1,0,0,0,1,0,0,0,0,0,-1,-1,5,-1,-1,-1,-1,46.36,3981
mar10/fancytree,1674,1835,60,1,0,0,0,0,0,0,0,0,0,-1,-1,1,-1,-1,-1,-1,14.47,3352
11ways/hawkejs,556,869,3,1,1,0,0,0,1,0,0,0,0,-1,-1,1,-1,-1,-1,-1,2.11,3053
peter-murray/node-hue-api,184,407,26,1,1,0,0,0,0,0,0,0,0,-1,-1,-1,-1,-1,-1,-1,1.63,3069
rollbar/rollbar.js,1603,1866,100,1,1,0,0,1,0,0,0,0,0,-1,-1,-1,-1,-1,-1,-1,15.0,3092
zotero/web-library,1926,3271,8,1,1,0,0,0,0,0,0,0,0,-1,-1,-1,-1,-1,-1,-1,25.36,3104
ckeditor/ckeditor4-docs,1285,2070,62,1,0,0,0,0,0,0,0,0,0,-1,-1,-1,-1,-1,-1,-1,41.93,3111
ably/ably-js,1786,2154,30,1,0,0,0,1,0,0,0,0,0,-1,-1,-1,-1,-1,-1,-1,24.25,2447
2600hz/monster-ui,3366,3624,63,1,0,0,0,0,0,0,0,0,0,-1,2,-1,-1,-1,-1,-1,33.85,3160
VulcanJS/Vulcan,6472,7690,267,1,0,0,0,0,0,0,0,0,1,-1,0,-1,-1,-1,-1,-1,23.83,3204
oskariorg/oskari-frontend,15182,18531,76,1,0,0,0,0,0,0,0,0,0,-1,-1,1,-1,-1,-1,-1,149.39,3218
wikimedia/jquery.uls,1003,1121,47,1,0,0,0,0,0,0,0,0,0,-1,-1,-1,-1,-1,-1,-1,3.61,3223
PrismJS/prism,2669,3235,359,1,1,0,0,0,0,0,0,0,0,-1,-1,-1,-1,-1,-1,-1,14.34,3247
arkime/arkime,3011,4277,87,1,0,0,0,0,0,0,0,0,0,-1,-1,-1,-1,-1,-1,-1,49.68,3251
insideout10/wordlift-plugin,4842,8023,26,1,0,1,0,1,0,0,0,0,1,-1,-1,-1,-1,-1,-1,-1,334.0,3641
sendgrid/docs,13336,15276,664,1,0,0,0,0,0,0,0,0,0,-1,-1,14,-1,-1,-1,-1,273.94,4243
Pelican-Elegant/elegant,221,1780,31,0,0,0,0,0,0,0,0,0,0,-1,-1,-1,-1,-1,-1,-1,10.76,3293
compiler-explorer/compiler-explorer,3994,5829,232,1,1,0,0,0,0,0,0,0,0,-1,-1,-1,-1,-1,-1,-1,63.35,3296
scalableminds/webknossos,15097,15719,41,1,0,0,0,0,1,0,0,0,0,-1,9,-1,-1,-1,-1,-1,671.14,3528
GPII/windows,1371,1889,25,1,0,0,0,0,0,0,0,0,0,-1,-1,-1,-1,-1,-1,-1,58.42,3372
firefox-devtools/profiler,2406,4525,197,1,0,1,0,0,0,0,0,0,0,-1,8,-1,12,-1,-1,-1,57.48,1952
itteco/iframely,4509,5316,53,1,1,0,0,0,0,0,0,0,0,-1,-1,2,-1,-1,-1,-1,12.22,3387
thomaspark/bootswatch,1692,2091,88,1,0,0,0,0,0,0,0,0,0,-1,-1,-1,-1,-1,-1,-1,84.6,3402
atom/atom,36869,38225,583,1,1,0,0,0,0,0,0,0,0,-1,-1,-1,-1,-1,-1,-1,328.2,3574
twigjs/twig.js,978,1110,116,1,1,0,0,0,0,0,0,0,0,-1,-1,2,-1,-1,-1,-1,11.72,3535
jpalardy/home,315,419,2,1,1,0,0,0,0,0,0,0,0,-1,-1,-1,-1,-1,-1,-1,3.2,3529
stripe/stripe-node,881,1497,146,1,1,0,0,0,0,0,0,0,0,-1,-1,2,-1,-1,-1,-1,10.55,3534
CartoDB/Windshaft-cartodb,6045,6619,66,1,1,0,0,0,0,0,0,0,0,-1,-1,-1,-1,-1,-1,-1,39.37,2968
recurly/recurly-js,895,1354,52,1,1,0,0,1,0,0,0,0,0,-1,-1,38,-1,-1,-1,-1,18.15,2620
Patternslib/Patterns,4402,5200,43,1,0,0,0,0,0,0,0,0,0,-1,-1,-1,-1,-1,-1,-1,59.76,3605
spencermountain/compromise,2868,4398,99,1,0,0,0,0,0,0,0,0,0,-1,-1,-1,-1,-1,-1,-1,56.29,3611
CartoDB/CartoDB-SQL-API,2930,3249,70,1,1,0,0,0,0,0,0,0,0,-1,-1,-1,-1,-1,-1,-1,9.52,3644
mozilla/pdf.js,11631,14147,411,1,0,0,1,0,0,0,0,0,0,-1,-1,-1,-1,-1,-1,-1,134.51,3688
wikimedia-gadgets/twinkle,1566,2863,69,1,0,0,0,0,0,0,0,0,0,-1,-1,-1,-1,-1,-1,-1,9.16,3740
brianc/node-postgres,32,2529,285,1,0,0,0,0,0,0,0,0,0,-1,-1,17,-1,-1,-1,-1,4.36,3898
RobinHerbots/Inputmask,2772,3161,102,1,0,0,0,0,0,0,0,0,0,-1,-1,-1,-1,-1,-1,-1,63.2,3896
Automattic/mongoose,10808,13807,679,1,1,0,0,0,0,0,0,0,0,-1,-1,-1,-1,-1,-1,-1,115.03,4073
mrdoob/three.js,27960,37592,1762,1,0,0,0,0,0,0,0,0,0,-1,-1,-1,-1,-1,-1,-1,1249.28,4087
qooxdoo/qooxdoo,34682,35227,165,1,0,0,0,0,0,0,0,0,0,-1,-1,-1,-1,-1,-1,-1,266.48,5967
log4js-node/log4js-node,1378,1543,161,1,0,0,0,0,0,0,0,0,0,-1,-1,3,-1,-1,-1,-1,4.04,4152
Modernizr/Modernizr,2484,2587,315,1,1,0,0,0,0,0,0,0,0,-1,-1,4,5,-1,-1,-1,19.63,4267
clientIO/joint,1030,1242,76,1,1,0,0,1,0,0,0,0,0,-1,-1,0,-1,-1,-1,-1,46.77,4280
ai/sitnik.ru,492,839,9,1,0,0,0,0,0,0,0,0,0,-1,-1,-1,-1,-1,-1,-1,4.97,4481
GMOD/jbrowse,7949,8126,70,1,0,0,0,0,1,0,0,0,0,-1,-1,6,-1,-1,-1,-1,69.06,5096
